zipcode,2010-09,2010-10,2010-11,2010-12,2011-01,2011-02,2011-03,2011-04,2011-05,2011-06,2011-07,2011-08,2011-09,2011-10,2011-11,2011-12,2012-01,2012-02,2012-03,2012-04,2012-05,2012-06,2012-07,2012-08,2012-09,2012-10,2012-11,2012-12,2013-01,2013-02,2013-03,2013-04,2013-05,2013-06,2013-07,2013-08,2013-09,2013-10,2013-11,2013-12,2014-01,2014-02,2014-03,2014-04,2014-05,2014-06,2014-07,2014-08,2014-09,2014-10,2014-11,2014-12,2015-01,2015-02,2015-03,2015-04,2015-05,2015-06,2015-07,2015-08,2015-09,2015-10,2015-11,2015-12,2016-01,2016-02,2016-03,2016-04,2016-05,2016-06,2016-07,2016-08,2016-09,2016-10,2016-11,2016-12,2017-01,2017-02,2017-03,2017-04,2017-05,2017-06,2017-07,2017-08,2017-09
10025,736500.0,746000.0,756900.0,767300.0,771800.0,770900.0,768200.0,762100.0,751200.0,741200.0,735000.0,732500.0,735100.0,743800.0,746200.0,739800.0,737200.0,743000.0,747800.0,754700.0,767300.0,777700.0,781600.0,778700.0,774600.0,770300.0,767400.0,772400.0,786300.0,798700.0,806200.0,810800.0,815100.0,821500.0,822600.0,822100.0,825900.0,834900.0,841700.0,848600.0,858100.0,869800,882400,890900,888900,883100,885900,894900,907900,923700,932800,932600,933600,937700,936100,933200.0,937900,945300,954600,973000,997100.0,1007300.0,1009300,1015800,1026100,1045700.0,1066300.0,1069500.0,1065900.0,1075700,1092400,1108900,1115800,1117800,1132900,1134900.0,1118800,1108500,1110700,1128700,1174700,1236300,1281400,1290800,1282300
11226,359700.0,359400.0,362600.0,362900.0,361100.0,360700.0,361500.0,360500.0,359700.0,361200.0,363200.0,367300.0,370800.0,369700.0,366300.0,362300.0,356800.0,355000.0,357600.0,362400.0,367000.0,370900.0,371900.0,372600.0,374900.0,375600.0,373700.0,375900.0,381800.0,382900.0,381900.0,381500.0,380300.0,382400.0,391400.0,399800.0,401000.0,401500.0,404100.0,408500.0,411600.0,411500,409100,410300,412200,413000,415600,422500,428800,434700,442000,450400,460600,476300,492200,502900.0,508100,509400,507100,504500,510300.0,523000.0,529100,528100,531000,535400.0,537500.0,539400.0,547000.0,557400,566100,574200,584200,594800,604700,610900.0,611000,614200,625200,639700,649800,650700,646500,648100,653300
10016,660300.0,662100.0,664000.0,666400.0,665100.0,662800.0,662300.0,663000.0,664500.0,663100.0,657000.0,654000.0,658700.0,665800.0,667900.0,666500.0,668300.0,670000.0,670300.0,675900.0,680500.0,683200.0,685900.0,687200.0,685400.0,685200.0,685800.0,688500.0,692400.0,701900.0,709900.0,704800.0,695600.0,696900.0,705800.0,715200.0,719200.0,722000.0,730500.0,744900.0,760000.0,770100,771800,772100,777900,781100,778300,772100,768100,769100,778100,789000,799900,805100,806800,813500.0,828300,840400,856700,872900,885400.0,893300.0,896700,896200,895300,894200.0,891100.0,888800.0,885400.0,884900,884800,898000,917600,929800,932400,932400.0,933700,941800,953900,968900,1000400,1053500,1102000,1109100,1097700
11235,377000.0,378500.0,381300.0,385100.0,389700.0,393200.0,394300.0,394100.0,391600.0,393600.0,400100.0,404900.0,406400.0,408300.0,407600.0,403700.0,401700.0,404000.0,405000.0,401900.0,396900.0,392300.0,389600.0,389500.0,389700.0,388500.0,386700.0,387500.0,390800.0,391900.0,390800.0,391300.0,393400.0,395300.0,399400.0,405400.0,410800.0,413500.0,412800.0,410400.0,408200.0,407800,409900,412500,414000,414200,413000,410600,407800,403400,402300,406600,412000,413600,416000,419600.0,423200,425000,427000,429100,432900.0,436900.0,439000,442600,448500,454100.0,460300.0,467500.0,469200.0,466800,465000,466700,471900,478000,482600,486300.0,489800,491200,490900,494700,508200,529800,546400,555100,561900
10128,795700.0,794900.0,793900.0,798500.0,806500.0,810300.0,809400.0,810500.0,810200.0,808000.0,809000.0,817300.0,820000.0,819300.0,821000.0,824400.0,824200.0,823700.0,823500.0,822600.0,813400.0,798700.0,787800.0,789200.0,797900.0,807900.0,807200.0,805500.0,812600.0,821500.0,820800.0,819500.0,819400.0,820200.0,822800.0,826900.0,837100.0,847600.0,855500.0,857300.0,859000.0,856400,858000,865900,871500,856500,843900,845100,853400,863400,874300,867900,861100,868100,879300,882400.0,896800,918600,939400,957100,964700.0,958900.0,956800,962900,966700,972700.0,978100.0,978800.0,986000.0,1014500,1045000,1056400,1053700,1056900,1071300,1090600.0,1111400,1132400,1166800,1217600,1264300,1300000,1337800,1374200,1402200
10456,287200.0,289900.0,294500.0,293900.0,288100.0,283300.0,283100.0,282400.0,280900.0,280800.0,281200.0,280800.0,280200.0,279700.0,278900.0,276500.0,272500.0,269500.0,269200.0,270800.0,273100.0,272600.0,269500.0,266700.0,264100.0,261900.0,262100.0,262200.0,260000.0,258600.0,259500.0,262000.0,264200.0,264400.0,263700.0,264700.0,266800.0,267200.0,263900.0,261100.0,260400.0,261100,262100,262500,261300,261100,262200,262300,263700,268100,273100,273600,271900,272600,276100,278300.0,279700,282300,285200,286700,287700.0,290000.0,293400,295600,298100,300200.0,302200.0,304400.0,308700.0,311400,312400,313500,316400,319800,323500,323800.0,322600,325900,331800,335000,336300,336500,337500,340500,343600
10463,472500.0,468700.0,462800.0,449000.0,434500.0,425900.0,422900.0,425400.0,427600.0,425000.0,428300.0,435300.0,435900.0,431700.0,432300.0,431300.0,428200.0,423500.0,422300.0,415600.0,401600.0,386500.0,378800.0,377500.0,376600.0,367400.0,357900.0,355900.0,351300.0,346400.0,347300.0,353000.0,358900.0,363700.0,362600.0,360400.0,363200.0,370100.0,369700.0,369000.0,375200.0,384500,388500,382200,369900,371700,376800,367300,354800,352800,356200,360200,363800,367800,369800,371300.0,376600,381800,381500,378300,379600.0,381400.0,378000,376900,385700,394700.0,400600.0,406800.0,413000.0,417700,425400,439500,452500,457700,460800,463900.0,464700,466400,467300,468200,476600,484800,484200,484600,489200
11206,369100.0,365200.0,369500.0,373000.0,373800.0,377400.0,381000.0,380500.0,383300.0,391500.0,403500.0,417600.0,432000.0,441700.0,447200.0,445300.0,437300.0,430900.0,429100.0,427900.0,421200.0,410500.0,398800.0,391800.0,391200.0,393400.0,396000.0,401200.0,406400.0,406500.0,406000.0,410300.0,420300.0,433100.0,447000.0,457300.0,461000.0,460600.0,455700.0,444900.0,442200.0,452600,466500,476400,483700,491700,501100,506200,509600,516100,522700,528500,531800,532300,533500,534400.0,531900,528700,527600,529000,535400.0,545400.0,554500,559500,561700,559800.0,556800.0,552100.0,545800.0,539000,533900,533600,540900,551200,557100,559100.0,563900,571600,580100,592000,611800,633400,647300,661400,678800
11230,525100.0,523800.0,526500.0,530700.0,533400.0,535700.0,536400.0,536700.0,538500.0,542000.0,544400.0,548000.0,548800.0,545000.0,538800.0,531500.0,523700.0,520900.0,520300.0,519500.0,518900.0,519200.0,520900.0,523200.0,526500.0,530000.0,530700.0,530300.0,532900.0,536000.0,539600.0,545000.0,549000.0,549400.0,550700.0,556400.0,565700.0,573700.0,580200.0,588500.0,599200.0,606400,607400,609000,617400,630800,639300,640200,637400,638500,644700,652500,659500,668500,679500,687500.0,694100,702400,711600,715700,721100.0,728400.0,733900,739300,746200,748600.0,751300.0,756000.0,757400.0,760100,765800,772500,781100,792600,802900,811500.0,818700,822900,827100,833700,839200,836900,834700,839300,846200
11209,457000.0,462000.0,468200.0,470900.0,474100.0,479400.0,484900.0,488500.0,492600.0,500700.0,508200.0,511600.0,511300.0,508000.0,499700.0,491000.0,484200.0,484800.0,490500.0,494600.0,494400.0,494800.0,495000.0,494200.0,495100.0,497300.0,498300.0,498700.0,501100.0,504200.0,508000.0,513500.0,520000.0,523200.0,525600.0,531200.0,539900.0,546900.0,548600.0,543000.0,539900.0,541700,544000,543300,547600,555500,556600,551200,543900,539000,537300,541200,548600,559100,563600,560500.0,553700,548300,547700,551200,559800.0,569100.0,573500,576300,580900,579000.0,581100.0,593100.0,604100.0,607200,609800,616000,630400,649200,667100,676100.0,675100,671000,675600,686400,705000,737600,778000,804800,819300
11201,544800.0,548900.0,553100.0,553700.0,553100.0,555300.0,559400.0,561400.0,566800.0,579700.0,591600.0,598900.0,604400.0,606400.0,602000.0,594800.0,591400.0,598100.0,607400.0,613300.0,616400.0,619100.0,621200.0,624300.0,627000.0,626200.0,622700.0,620300.0,624300.0,633300.0,642500.0,650800.0,659100.0,667600.0,676700.0,689900.0,703400.0,716700.0,727400.0,732400.0,732000.0,736100,743600,748900,752600,761500,768700,774500,781700,789500,796800,808200,819700,831900,850400,866100.0,869900,866200,864900,867800,879500.0,898300.0,916700,929700,935500,930800.0,923100.0,919900.0,921100.0,924500,927700,927300,930600,936000,941000,946700.0,954400,965400,986200,1023700,1073800,1113100,1139000,1155900,1165400
11212,299200.0,297300.0,296900.0,296300.0,294300.0,293000.0,290400.0,286700.0,285300.0,286800.0,288400.0,289600.0,289500.0,286700.0,281600.0,277500.0,275100.0,273700.0,273400.0,273600.0,273100.0,273200.0,275300.0,278400.0,281900.0,284800.0,286600.0,288000.0,289700.0,290800.0,290900.0,290900.0,290000.0,288200.0,287400.0,288000.0,288100.0,288200.0,288200.0,289000.0,291100.0,293000,293200,292200,293300,295600,294600,291200,289600,289700,291400,294600,297400,298900,300400,302400.0,304300,306100,307300,307800,309400.0,313400.0,316000,317400,319700,322400.0,325300.0,329700.0,333000.0,333900,336400,344700,355300,362100,366200,369800.0,373000,375900,381700,389300,394900,396200,398000,399600,399800
11214,426800.0,426300.0,428000.0,428300.0,429800.0,434400.0,438500.0,440600.0,443000.0,446300.0,450600.0,458300.0,461900.0,461700.0,461700.0,459300.0,454100.0,454700.0,458500.0,458600.0,453300.0,450600.0,451300.0,453100.0,454800.0,457300.0,459000.0,459200.0,460500.0,462500.0,464900.0,465900.0,470400.0,476200.0,481500.0,484200.0,486100.0,486900.0,488900.0,490200.0,489200.0,486800,487100,490300,494700,498800,501300,502300,501300,500100,501000,505900,511200,513900,515000,517700.0,522400,530100,538500,544600,550800.0,558000.0,563300,565000,565200,564400.0,565900.0,570200.0,574500.0,576500,577600,581900,591200,601000,608500,615400.0,621400,624500,628300,637000,648300,654100,655600,657400,659500
11377,302800.0,300800.0,298700.0,302800.0,308500.0,312500.0,312900.0,307700.0,296800.0,286400.0,281000.0,277700.0,272100.0,263800.0,259000.0,261700.0,267100.0,268400.0,267600.0,268200.0,267700.0,267800.0,267300.0,265200.0,263000.0,264400.0,265300.0,267500.0,270400.0,273900.0,278500.0,284300.0,288100.0,288600.0,285500.0,280600.0,282600.0,289700.0,297400.0,305600.0,315700.0,317700,313400,310600,311000,311800,315800,324400,334200,341600,344800,343700,342400,342300,343600,349200.0,355000,353500,352500,353400,355200.0,358800.0,365100,371300,383800,390600.0,390400.0,389700.0,401400.0,421300,436800,440400,441800,442700,444200,451100.0,457000,467000,478700,493000,507800,527700,547500,570900,589900
11234,410500.0,409300.0,411900.0,413000.0,413700.0,415600.0,417800.0,418300.0,419800.0,423700.0,427300.0,430100.0,429900.0,427100.0,422700.0,417700.0,412900.0,413800.0,415500.0,414200.0,410600.0,409900.0,412400.0,415600.0,418500.0,421800.0,421400.0,419200.0,418900.0,417900.0,416600.0,417100.0,418500.0,419300.0,420900.0,424400.0,427700.0,428600.0,429800.0,432900.0,434800.0,434800,434800,436700,439500,443100,446000,447200,448400,450600,452500,454000,454400,454000,454200,455400.0,458100,461100,461900,464300,470400.0,476200.0,480100,483700,487600,491400.0,494900.0,497000.0,496900.0,497200,500700,505100,507900,511100,516100,524300.0,533400,538400,542200,549300,556900,558500,558000,558900,560400
11207,290300.0,289500.0,289600.0,288800.0,287200.0,285600.0,284500.0,282900.0,285800.0,291700.0,295800.0,298800.0,300400.0,298000.0,295300.0,291900.0,287500.0,286800.0,287700.0,286700.0,284300.0,283500.0,282900.0,281900.0,281800.0,282800.0,282000.0,281300.0,280500.0,276200.0,273000.0,274500.0,277600.0,279500.0,282300.0,284600.0,287700.0,291000.0,293200.0,295700.0,300100.0,302700,303400,304500,305000,305500,307300,310100,312200,314700,317900,321500,323100,324400,327000,331000.0,335500,338600,338600,337700,339200.0,341600.0,345600,349600,350600,349000.0,347700.0,347500.0,348400.0,351000,354300,356500,356900,357400,358700,360500.0,363200,365600,367500,370400,373200,373900,373600,373800,374300
10314,381100.0,377600.0,376000.0,375500.0,374700.0,373400.0,371600.0,369000.0,367100.0,365700.0,364800.0,363800.0,362000.0,360800.0,361300.0,361800.0,360900.0,359400.0,358200.0,357900.0,358400.0,359200.0,360000.0,360900.0,362200.0,363500.0,364800.0,365300.0,365500.0,366500.0,367500.0,368100.0,369100.0,370900.0,372600.0,374400.0,376400.0,378300.0,379400.0,380400.0,381400.0,382200,383000,384300,385000,385300,386000,387800,389900,392100,393700,395400,397300,399300,400800,402500.0,405400,408800,411600,414300,417500.0,420700.0,423300,424600,424800,425200.0,426600.0,428100.0,430200.0,432300,433400,434600,437900,441700,445000,447500.0,450500,455200,462100,469900,478200,487000,494400,499200,502200
11215,541200.0,546100.0,553600.0,562200.0,571400.0,581100.0,590000.0,595700.0,602300.0,612700.0,622200.0,629600.0,636200.0,638500.0,636700.0,634500.0,634700.0,640600.0,647600.0,651700.0,652700.0,654800.0,662100.0,672800.0,681300.0,687000.0,689800.0,693700.0,702100.0,712000.0,720800.0,730400.0,741000.0,750400.0,760300.0,774500.0,788900.0,797900.0,803900.0,810000.0,817100.0,827900,839600,847600,854500,864200,868100,865400,862600,864200,866500,868300,868700,873900,884400,894800.0,901100,909300,920600,927300,931800.0,944200.0,961200,972800,980100,980200.0,973900.0,968200.0,966900.0,967700,967900,972200,985000,998700,1010100,1031200.0,1056900,1068800,1087700,1133500,1180000,1198500,1208300,1218500,1225700
11221,373500.0,374000.0,374500.0,370600.0,368000.0,370700.0,372700.0,372200.0,373300.0,378800.0,383600.0,387600.0,390100.0,390300.0,388100.0,384700.0,380000.0,382400.0,392200.0,401200.0,404700.0,407900.0,413800.0,420200.0,425300.0,431600.0,441000.0,448400.0,452600.0,454900.0,459700.0,463500.0,469700.0,477700.0,493400.0,517300.0,541500.0,553700.0,566100.0,580500.0,592800.0,605300,619700,629200,637200,647900,656900,669100,690800,717800,739700,751800,755500,761500,774900,791400.0,805600,813900,820300,830900,843400.0,852500.0,861000,867400,876700,887100.0,898900.0,912100.0,928600.0,944400,954700,950200,940400,942300,954800,973000.0,990200,996200,992000,998400,1015800,1022300,1015000,1008700,1005300
11211,576600.0,576000.0,573900.0,564600.0,556300.0,554600.0,556400.0,558000.0,561900.0,566300.0,568900.0,574000.0,577300.0,576900.0,575100.0,570400.0,563900.0,563900.0,568800.0,573800.0,579100.0,585000.0,597200.0,617900.0,639100.0,653800.0,666800.0,676600.0,682000.0,685400.0,688300.0,693100.0,706100.0,722300.0,727700.0,727900.0,736800.0,747600.0,752100.0,754500.0,758800.0,762100,766100,773400,787800,803100,817800,832600,841900,843800,847300,850000,849400,855800,873900,894700.0,910500,922600,928500,922700,919800.0,935300.0,959700,979400,1000100,1020400.0,1047300.0,1061400.0,1046200.0,1039300,1064100,1093100,1106400,1106700,1092600,1082300.0,1079900,1074300,1063400,1066100,1078900,1080800,1069900,1062500,1059800
11373,302900.0,304400.0,304300.0,302600.0,297400.0,291100.0,284900.0,278000.0,270900.0,266500.0,263600.0,260400.0,257300.0,255200.0,253900.0,254400.0,256900.0,258500.0,260000.0,262700.0,266600.0,269800.0,271300.0,271500.0,273200.0,274100.0,272900.0,272600.0,274300.0,278100.0,283400.0,288100.0,291100.0,291200.0,287900.0,284900.0,285500.0,286300.0,286500.0,286800.0,290000.0,293700,294900,291900,288300,285900,289500,298600,310900,323000,330400,330100,329400,330600,333300,340400.0,349600,351400,349700,350200,350000.0,347500.0,349200,354100,357500,356500.0,353700.0,353400.0,354600.0,365700,381900,390000,390100,394800,400600,407100.0,411800,418300,429600,442800,456100,474500,494800,512900,526800
11385,413400.0,409900.0,407300.0,406300.0,407600.0,408500.0,405700.0,401800.0,399300.0,397100.0,394300.0,392200.0,393300.0,396800.0,397400.0,396600.0,396800.0,396900.0,397400.0,399000.0,401000.0,404000.0,407500.0,410100.0,411500.0,411700.0,412600.0,414800.0,415600.0,414500.0,414100.0,416900.0,422200.0,427200.0,429300.0,427900.0,427100.0,429000.0,433100.0,439400.0,447700.0,455800,459900,459200,457300,457500,460000,465000,471300,475500,476700,477600,480800,485100,489400,494800.0,499800,504700,509100,512100,515200.0,518900.0,522300,526500,530200,532500.0,537600.0,546400.0,554000.0,559400,564700,570500,576100,582000,587500,593100.0,598700,605800,614000,622500,630300,633700,636100,642100,648200
10457,316100.0,317900.0,319300.0,318600.0,316000.0,313100.0,312600.0,312700.0,311500.0,309300.0,307800.0,307800.0,308200.0,306400.0,302800.0,298100.0,293200.0,290100.0,288500.0,286900.0,286200.0,285700.0,283700.0,280800.0,278400.0,276400.0,276600.0,279200.0,281600.0,281600.0,281400.0,283800.0,286800.0,287000.0,284700.0,283000.0,283000.0,283200.0,282300.0,282100.0,282500.0,283500,284200,285500,286500,287800,289500,291300,293000,295900,299500,303600,307800,310600,313500,316900.0,318400,318900,319900,321600,325200.0,329700.0,331800,333200,335900,338800.0,340600.0,341000.0,341400.0,342600,345200,349700,353500,354600,354400,353900.0,353500,356200,360400,364300,368100,372900,377700,380700,382000
11233,310500.0,311200.0,313900.0,313400.0,311200.0,312000.0,311600.0,308900.0,309700.0,313300.0,316900.0,319900.0,323100.0,323100.0,318900.0,306800.0,295600.0,293400.0,298900.0,303000.0,305800.0,309800.0,313400.0,314700.0,318600.0,327800.0,332400.0,332200.0,334900.0,341200.0,349100.0,359200.0,367600.0,373100.0,381200.0,391500.0,397600.0,402900.0,407400.0,408100.0,406400.0,408300,411700,417500,424600,432000,440900,448600,453400,461900,475300,482300,481800,481400,489000,504700.0,518700,525400,532100,542800,558000.0,570300.0,577500,586200,598300,608800.0,620000.0,627000.0,628400.0,632600,640200,651000,661700,669900,678200,691100.0,702600,712300,719400,724000,726900,727500,728200,732000,736600
11223,535600.0,537100.0,541600.0,547700.0,550700.0,550800.0,549600.0,549600.0,551300.0,554200.0,555200.0,556800.0,556000.0,552600.0,549900.0,546700.0,541900.0,541400.0,544300.0,546600.0,546500.0,546100.0,549300.0,554100.0,556500.0,557800.0,558500.0,558300.0,559600.0,561800.0,565400.0,572100.0,580000.0,586300.0,591900.0,597500.0,602700.0,608200.0,612800.0,613400.0,613700.0,619200,626800,631700,636700,644000,648000,648500,649800,653800,659200,664700,669100,673300,678900,683900.0,689900,699100,709300,715600,722100.0,730200.0,737200,743700,749900,750900.0,752600.0,760100.0,770400.0,778200,783800,792200,804700,814600,822100,832100.0,843500,847800,847500,847600,847200,842200,839200,841600,845400
11208,297700.0,297400.0,295300.0,292900.0,293100.0,293200.0,291700.0,290800.0,296100.0,302400.0,303000.0,300700.0,298900.0,294000.0,287800.0,282300.0,278200.0,278400.0,281800.0,283700.0,284000.0,285800.0,287900.0,288300.0,286800.0,284500.0,281700.0,280200.0,279500.0,276300.0,273000.0,273100.0,275500.0,277700.0,281200.0,285800.0,289900.0,294700.0,300600.0,305600.0,309000.0,311600,314300,316400,316300,315100,315500,318700,323400,328300,331900,333200,331800,331600,334700,339100.0,344000,350300,357400,362600,365500.0,369300.0,375400,382400,384600,382100.0,381000.0,383600.0,384200.0,384000,385700,388000,390500,395000,400700,407000.0,415600,423700,429400,435300,444300,450100,451500,451700,452500
11204,545800.0,546800.0,551600.0,554700.0,556300.0,559200.0,561200.0,560100.0,560400.0,562200.0,564200.0,567600.0,567600.0,563900.0,560100.0,554900.0,549000.0,550000.0,554500.0,557700.0,560500.0,565900.0,573300.0,580100.0,583800.0,584600.0,583500.0,583600.0,584500.0,584400.0,588400.0,596700.0,604000.0,607700.0,611900.0,617800.0,626000.0,633500.0,638500.0,641900.0,645700.0,650500,656100,661000,664700,669700,674100,675000,673800,677100,686100,693200,695900,699900,706100,713200.0,721400,730200,737800,744300,754100.0,766300.0,774300,779600,783300,780900.0,777500.0,780400.0,786600.0,794600,802300,809400,816900,824900,831800,838000.0,844800,851600,859200,864800,869300,868300,865500,867100,871900
11219,531200.0,527900.0,530000.0,530100.0,527100.0,528200.0,530300.0,529500.0,529900.0,532800.0,537300.0,542600.0,544300.0,544300.0,543900.0,535800.0,524000.0,521400.0,527300.0,532400.0,536900.0,542400.0,549100.0,556300.0,563300.0,567200.0,568700.0,568300.0,568900.0,570500.0,577500.0,587800.0,594600.0,593200.0,593400.0,597900.0,607700.0,619000.0,628900.0,633000.0,633900.0,631000,626700,626100,634200,644400,647400,644700,641300,639800,641200,644500,646500,652500,667700,679900.0,680600,679700,682200,682800,688300.0,702100.0,716600,722600,720600,714800.0,709200.0,707100.0,713500.0,731100,750000,767300,783000,797700,811500,822600.0,833000,847500,863300,876000,891700,900300,903000,910200,920800
11225,516700.0,521700.0,525700.0,524400.0,517500.0,510800.0,511200.0,515900.0,522000.0,530900.0,545100.0,552800.0,548000.0,536800.0,529200.0,523000.0,518200.0,517000.0,515800.0,513700.0,515300.0,519200.0,519000.0,527200.0,546500.0,564600.0,570400.0,566300.0,563700.0,570600.0,578000.0,577700.0,578300.0,581100.0,589400.0,605600.0,620300.0,623900.0,624400.0,630100.0,638200.0,645700,650700,659600,676100,693500,695100,671000,638300,621700,630400,645600,652400,653800,667700,692100.0,713600,729700,744300,754700,767400.0,796200.0,828900,848900,856700,858700.0,854900.0,850100.0,844300.0,838000,836600,844700,867000,895300,909700,905900.0,898100,896400,909100,927600,935800,937300,946800,959600,968600
11213,464000.0,463200.0,463800.0,459200.0,455500.0,460500.0,468700.0,472800.0,477500.0,484600.0,486700.0,492100.0,503400.0,511100.0,508500.0,502800.0,496800.0,498200.0,505000.0,513400.0,519900.0,524900.0,527200.0,526900.0,524900.0,528300.0,539100.0,548700.0,552000.0,554400.0,564500.0,572900.0,572800.0,570900.0,578900.0,586700.0,588800.0,585100.0,574400.0,559600.0,554100.0,556300,555100,549800,556300,571500,591400,610900,627900,639200,655600,669200,675100,674900,676500,684100.0,699500,714000,719900,723200,731500.0,745600.0,765900,787600,797500,797900.0,798900.0,805800.0,820100.0,835900,845000,856900,879500,904400,927200,942800.0,945200,946100,970000,998600,993300,965100,951400,952500,953100
11368,274800.0,276200.0,275800.0,276500.0,274700.0,271700.0,270800.0,269900.0,266600.0,263900.0,261800.0,258400.0,254400.0,251600.0,249400.0,249100.0,250800.0,252200.0,252400.0,252500.0,253200.0,255300.0,258100.0,259500.0,259800.0,261100.0,262800.0,263900.0,263300.0,263400.0,264900.0,267400.0,269700.0,270600.0,269900.0,268800.0,268300.0,269100.0,271600.0,275300.0,282600.0,291100,296100,297200,298300,299600,302400,308100,317400,327500,335000,338900,341300,340500,341100,346500.0,353800,356300,354200,352200,353100.0,353100.0,352700,355300,359100,363500.0,368900.0,372800.0,372700.0,373600,380500,386700,392200,400200,405900,406600.0,409300,415500,423300,432000,441700,456700,478900,500600,514800
11203,347600.0,345700.0,346200.0,346200.0,346300.0,348700.0,351500.0,351700.0,350700.0,351000.0,352700.0,355000.0,355100.0,352600.0,349100.0,344500.0,339800.0,339000.0,340600.0,342700.0,343400.0,343000.0,342500.0,342900.0,343100.0,343800.0,345000.0,346600.0,347800.0,347300.0,346700.0,348000.0,350100.0,352100.0,354900.0,358400.0,360200.0,359600.0,357600.0,357200.0,358700.0,360000,360400,361200,362700,364700,365500,365200,365700,367500,368800,369000,369100,370100,371100,371500.0,372800,375100,378100,382400,390300.0,400300.0,409700,416100,420600,422900.0,425600.0,427400.0,428700.0,430900,435000,439700,445600,450600,455500,459200.0,461300,463000,467700,474200,479500,481200,481900,484500,487300
10014,812100.0,806800.0,801100.0,803400.0,813600.0,825400.0,832100.0,833900.0,842300.0,854800.0,855700.0,855800.0,865400.0,876900.0,882200.0,885900.0,888500.0,885700.0,872300.0,864800.0,868100.0,868400.0,866600.0,867800.0,864400.0,858400.0,855000.0,860600.0,871900.0,882000.0,898000.0,917600.0,919700.0,908800.0,910800.0,928000.0,945100.0,954000.0,956800.0,960000.0,962900.0,967700,971300,979700,991700,1001500,1008300,1024300,1049700,1075800,1102900,1132000,1159400,1184300,1201300,1216900.0,1239400,1268800,1287300,1309700,1350600.0,1396400.0,1416700,1425700,1449600,1479100.0,1483500.0,1467300.0,1452400.0,1452100,1466800,1491800,1508000,1506200,1500700,1497200.0,1490400,1485600,1495100,1528000,1582500,1638900,1670100,1643400,1594300
10473,317800.0,320700.0,324200.0,324200.0,320600.0,317300.0,316900.0,317900.0,317100.0,315000.0,315100.0,318200.0,318700.0,314800.0,308800.0,304700.0,301800.0,298500.0,294300.0,291800.0,290300.0,287600.0,283600.0,279900.0,277400.0,276900.0,278900.0,280700.0,280400.0,279800.0,282800.0,288500.0,293600.0,295400.0,294800.0,293500.0,293100.0,293900.0,295700.0,296300.0,295100.0,294400,294900,295300,295600,296100,296400,295600,296800,300500,302600,302900,306000,312600,316300,315600.0,316800,319800,319200,318200,317900.0,312600.0,306500,308700,316500,319600.0,320100.0,325200.0,331000.0,333100,333700,338400,346600,353900,357400,355800.0,354000,357000,361500,362300,362600,366400,371800,373300,371800
11210,447800.0,447400.0,450600.0,455200.0,459300.0,462100.0,462900.0,461800.0,462800.0,468200.0,474000.0,479000.0,482600.0,482600.0,480600.0,478100.0,476000.0,476600.0,478000.0,479300.0,478900.0,478600.0,479500.0,480400.0,479900.0,479200.0,475000.0,471800.0,473200.0,474600.0,473900.0,475500.0,479500.0,483800.0,489600.0,495200.0,499000.0,502100.0,506300.0,511100.0,515900.0,519100,517000,512100,508900,508800,510900,515500,519700,521700,524400,529100,534100,540400,550700,562000.0,572100,583700,594200,600000,606800.0,616800.0,622600,625400,627000,626900.0,626900.0,628700.0,628300.0,627000,628000,633200,641000,650000,662800,677900.0,687200,690900,702400,723700,743300,753300,761200,771400,780400
11434,328200.0,324700.0,321200.0,317600.0,313700.0,310800.0,308000.0,304200.0,301300.0,300000.0,299700.0,299700.0,300900.0,302900.0,304500.0,304300.0,302600.0,301300.0,301900.0,304300.0,307900.0,311300.0,313800.0,314800.0,314800.0,314300.0,314300.0,314200.0,314400.0,316400.0,319900.0,322500.0,323500.0,324300.0,325200.0,326500.0,327900.0,330100.0,332900.0,335400.0,338700.0,342900,344900,343700,341200,339800,341100,344200,347100,349000,350400,351500,351800,350000,348500,349200.0,351300,352900,354600,356100,358900.0,363300.0,368000,372200,376200,380000.0,384300.0,387600.0,389500.0,393400,399200,402900,404100,406200,408500,409800.0,410900,415600,422200,427300,430900,431900,432000,434800,438300
11224,355200.0,355400.0,357300.0,361200.0,365500.0,367600.0,366600.0,363800.0,359700.0,357100.0,355500.0,356200.0,356700.0,355200.0,353500.0,354000.0,355300.0,358600.0,363600.0,369400.0,374000.0,376900.0,379600.0,381900.0,381700.0,380900.0,380700.0,381600.0,384300.0,387600.0,388100.0,387700.0,387800.0,385400.0,381800.0,380800.0,379600.0,377700.0,377400.0,378000.0,379200.0,379800,377100,370800,366900,368500,372800,374100,374700,375000,375700,377100,380200,383800,388500,393800.0,397400,398900,401000,404200,407800.0,413200.0,418500,428400,437300,438600.0,437800.0,443800.0,451100.0,454900,457200,462300,469200,474500,476800,477000.0,476600,476300,476800,481400,489300,496800,498200,495500,493100
10306,391300.0,389000.0,387200.0,386900.0,387800.0,387900.0,387100.0,386800.0,386600.0,384800.0,383200.0,382500.0,380200.0,377000.0,375100.0,374700.0,373600.0,372900.0,372500.0,372900.0,373200.0,374900.0,377500.0,379800.0,381300.0,383200.0,384700.0,384900.0,384600.0,384700.0,385400.0,385900.0,386400.0,386800.0,386800.0,387400.0,389900.0,392200.0,393000.0,394300.0,396100.0,396700,396400,396300,396300,396600,397100,398200,400300,402700,404000,404300,404800,405500,405900,406700.0,409100,412000,414000,415300,417600.0,420700.0,423400,424500,424800,425800.0,427600.0,429600.0,432100.0,434800,436500,437800,438600,438900,440200,443400.0,448300,454500,461700,470000,479300,487800,494200,498900,502400
11691,372100.0,370100.0,372700.0,375100.0,371500.0,367500.0,367000.0,365300.0,360900.0,355900.0,351400.0,348700.0,348800.0,348300.0,345400.0,341900.0,339400.0,337000.0,334600.0,333100.0,334300.0,338800.0,344700.0,349100.0,350400.0,349900.0,350100.0,349600.0,347900.0,346900.0,347900.0,350500.0,353400.0,356400.0,358300.0,357300.0,353800.0,353000.0,351400.0,349100.0,348100.0,349300,348800,346600,344200,342000,341200,344300,349000,350700,351000,351000,351300,351500,354200,359600.0,365300,368900,371700,371800,373400.0,376200.0,377400,377000,378700,380700.0,382500.0,382900.0,383400.0,381700,377800,375900,379900,387400,395000,397600.0,397600,400500,406100,412700,418800,421400,425400,433200,439600
10312,411300.0,409400.0,407900.0,406900.0,406400.0,405700.0,404200.0,403800.0,404300.0,403800.0,402100.0,400100.0,398300.0,397600.0,397500.0,397000.0,395600.0,394200.0,393700.0,394700.0,395900.0,397600.0,399600.0,401700.0,403400.0,405300.0,407200.0,407900.0,407500.0,407800.0,408500.0,407800.0,407000.0,407100.0,407500.0,408400.0,410100.0,411300.0,412600.0,414700.0,416200.0,416800,417800,419300,420100,420300,420900,422200,423400,424200,424800,426000,427500,427200,425700,425400.0,426600,428600,431400,434600,437300.0,439800.0,441400,441300,441300,442500.0,444700.0,448200.0,452600.0,455500,457300,460300,464400,467500,469700,473000.0,477800,484200,491200,497600,504500,512000,517500,521100,524200
11432,463700.0,462400.0,460600.0,459800.0,461200.0,461200.0,457900.0,454400.0,450800.0,445400.0,440300.0,437700.0,436200.0,436900.0,439100.0,441200.0,442700.0,443700.0,444000.0,444300.0,444300.0,445700.0,448900.0,452900.0,456100.0,459200.0,461300.0,459900.0,455500.0,453700.0,456400.0,461300.0,468700.0,478400.0,485900.0,489800.0,493100.0,496200.0,499400.0,504500.0,510400.0,514500,515900,514700,513900,514200,518300,527400,536700,542100,545500,547100,548300,549200,549500,551700.0,557900,564900,569000,567400,567400.0,573700.0,582700,589500,595000,600200.0,606100.0,611100.0,614400.0,619500,623600,625600,627800,631300,633500,635000.0,637800,645700,658600,670100,676900,679400,684700,694800,704100
10065,1019200.0,1021500.0,1016600.0,1020300.0,1030500.0,1042600.0,1042000.0,1031300.0,1017900.0,1017700.0,1032100.0,1046600.0,1052500.0,1062300.0,1076600.0,1078900.0,1059800.0,1038000.0,1033800.0,1046100.0,1043800.0,1033600.0,1027700.0,1021000.0,1017100.0,1022800.0,1019800.0,1023000.0,1054200.0,1082000.0,1096500.0,1114900.0,1136200.0,1140000.0,1136100.0,1144400.0,1167300.0,1189000.0,1204500.0,1213300.0,1213200.0,1211900,1216100,1220100,1226200,1239200,1250100,1253100,1266800,1282800,1295700,1300800,1299100,1287600,1276200,1258700.0,1257600,1267900,1271200,1274800,1287200.0,1300000.0,1312400,1322800,1327300,1349400.0,1382700.0,1395800.0,1390200.0,1408400,1447100,1477300,1482000,1468300,1467500,1495500.0,1519100,1527200,1525800,1584300,1693300,1768700,1797600,1816200,1808500
11222,516800.0,519100.0,522800.0,521200.0,517700.0,518600.0,520600.0,521700.0,525800.0,531600.0,535900.0,540900.0,544800.0,544800.0,541500.0,532800.0,524300.0,525700.0,536300.0,548600.0,557500.0,564100.0,572400.0,583200.0,594300.0,604600.0,609400.0,610000.0,613800.0,622700.0,633400.0,641100.0,647000.0,654700.0,665800.0,679200.0,692000.0,701100.0,707700.0,714200.0,722400.0,730800,738700,749600,765400,778700,788300,800600,812200,817500,818300,819100,816000,819600,833500,850200.0,854300,854000,857600,865100,876000.0,897400.0,917800,927800,930700,928100.0,925800.0,928800.0,936400.0,944500,953500,961600,970900,975500,975200,973500.0,980700,986900,988100,987000,992300,990500,982700,975500,973700
10459,291000.0,293900.0,300300.0,303300.0,301600.0,300900.0,303200.0,304400.0,302100.0,298700.0,297500.0,298400.0,299300.0,297400.0,293700.0,288900.0,284800.0,282700.0,281700.0,280100.0,278900.0,276300.0,272200.0,268600.0,266400.0,264200.0,263100.0,262900.0,262400.0,261900.0,262800.0,264900.0,266500.0,267000.0,266600.0,266400.0,265600.0,262900.0,259200.0,257100.0,256900.0,257200,257100,257600,258800,260100,262000,264800,270300,278700,285300,287600,289000,288600,287900,288500.0,289900,291800,294600,298200,303300.0,309000.0,313500,317800,321500,324300.0,327300.0,329400.0,330300.0,331100,332800,334500,335200,335600,336500,335600.0,334000,335400,338900,341300,343100,343800,344200,345300,346500
11435,299300.0,301700.0,304600.0,305500.0,301900.0,296900.0,293500.0,291800.0,290800.0,290300.0,291100.0,290700.0,286800.0,282600.0,279500.0,276400.0,275400.0,278600.0,282100.0,283400.0,284900.0,289100.0,293500.0,295500.0,296000.0,296300.0,296500.0,295700.0,293100.0,290700.0,291800.0,294800.0,297900.0,300500.0,301600.0,302500.0,306100.0,310400.0,313900.0,315400.0,317600.0,319400,320700,321500,322600,323200,325900,331300,337000,340600,341200,342100,344100,345500,346000,347500.0,350100,352400,353000,351800,352400.0,356300.0,361600,366400,371400,376500.0,381400.0,385500.0,389400.0,393600,397700,401000,403900,407200,410200,411400.0,413200,419800,427900,431400,431700,429700,431900,442700,454300
11205,447100.0,448000.0,455900.0,458800.0,455300.0,452700.0,450700.0,447300.0,447900.0,451600.0,453500.0,455500.0,459400.0,461900.0,461000.0,452300.0,443300.0,444800.0,451800.0,453400.0,453500.0,455400.0,458500.0,463400.0,470600.0,477000.0,481000.0,483000.0,485100.0,485100.0,485800.0,489400.0,494600.0,500300.0,507500.0,515500.0,522100.0,531500.0,542800.0,547100.0,541600.0,537900,541200,546700,549400,548600,548500,552500,558300,562300,563500,558700,551000,551600,564400,581200.0,597100,611100,620400,622600,625800.0,640200.0,659400,672100,682200,691300.0,699100.0,705500.0,712500.0,719500,727800,743100,766500,777800,776000,777700.0,786500,792500,797500,801500,812600,832400,852700,859100,859000
10026,609500.0,614300.0,618400.0,623700.0,626300.0,624900.0,621900.0,620400.0,619100.0,619600.0,621000.0,622800.0,627300.0,635400.0,632600.0,619400.0,613300.0,617500.0,622200.0,627500.0,628000.0,620100.0,615000.0,616100.0,615500.0,612200.0,614400.0,623100.0,630700.0,629900.0,629700.0,629600.0,630100.0,634200.0,643000.0,647700.0,650200.0,651900.0,658400.0,670400.0,682900.0,699900,720400,735500,736400,735900,731900,734300,753400,783200,798600,802000,803600,809200,813900,822000.0,840400,863000,887200,910500,922700.0,921200.0,926800,936600,943300,945100.0,947100.0,936700.0,922000.0,922100,941300,962700,971200,966300,960700,954900.0,945300,940900,944200,970800,1022900,1065300,1076700,1064300,1043000
11217,574700.0,574600.0,579500.0,585000.0,589000.0,593500.0,601100.0,607900.0,613900.0,622600.0,632700.0,640300.0,642900.0,642200.0,639600.0,634500.0,628600.0,630800.0,637400.0,642300.0,646200.0,654200.0,663300.0,674700.0,688300.0,697700.0,699900.0,703800.0,713300.0,721800.0,728000.0,731500.0,735900.0,744100.0,757400.0,770200.0,782500.0,791600.0,798600.0,803100.0,807400.0,815500,828900,840800,850000,862500,871400,871600,870700,874300,878600,882900,887100,893200,904400,919200.0,929800,934500,938100,943700,953500.0,973100.0,995600,1009100,1017700,1024500.0,1022300.0,1010500.0,999700.0,998000,1007300,1023900,1040100,1048100,1055400,1069900.0,1094000,1108300,1111700,1138000,1186700,1208200,1205000,1207400,1211800
11237,338600.0,339100.0,339100.0,333800.0,328100.0,326300.0,323400.0,321200.0,323800.0,327800.0,330300.0,335000.0,338300.0,337700.0,336600.0,335600.0,333300.0,333100.0,335600.0,336800.0,337900.0,340200.0,340500.0,338000.0,338600.0,344300.0,353200.0,362300.0,368000.0,367800.0,369800.0,378400.0,383800.0,389700.0,407000.0,432100.0,451000.0,462900.0,463000.0,452400.0,446400.0,455200,470100,478900,488800,503900,517500,521400,526400,536400,547500,555800,565900,573400,582500,610800.0,647500,659200,645300,637200,640400.0,652100.0,670700,689300,699800,708500.0,716900.0,714900.0,707900.0,700700,700600,715400,744100,753000,742100,733600.0,733000,735000,741400,740100,732800,730900,736300,739200,738900
11365,591900.0,592000.0,590400.0,587800.0,585000.0,581600.0,577100.0,572800.0,570900.0,568600.0,565000.0,562200.0,560400.0,556900.0,553900.0,553600.0,554700.0,557000.0,558500.0,557900.0,558100.0,562600.0,565100.0,562900.0,560500.0,562100.0,565300.0,569000.0,571000.0,570600.0,570300.0,570900.0,571500.0,573200.0,577200.0,582200.0,587700.0,593800.0,599700.0,607400.0,618700.0,629700,636300,639900,641800,642500,643700,647400,653700,659900,663200,665400,668300,669100,668200,670000.0,674000,679000,685500,691000,695000.0,701000.0,709800,717100,721700,725500.0,729200.0,732800.0,736400.0,739300,743100,749100,757500,765100,768500,768200.0,769100,775900,788200,800200,806700,807800,811300,821000,830100
11103,503700.0,506300.0,505300.0,503000.0,500900.0,497000.0,491900.0,489800.0,489800.0,487800.0,482700.0,479600.0,476500.0,474100.0,475300.0,482900.0,490400.0,494300.0,496900.0,498200.0,497100.0,498800.0,504700.0,505600.0,505200.0,509500.0,513300.0,515400.0,519900.0,523400.0,523700.0,524700.0,525600.0,529500.0,536500.0,543200.0,547800.0,552400.0,558000.0,569100.0,585700.0,597200,602000,607400,610000,606800,603500,598000,597300,606400,605200,584700,567300,565000,566000,561200.0,560100,579100,612700,635300,636700.0,626900.0,625300,636900,654300,658100.0,652700.0,657600.0,689900.0,708700,698100,707200,732900,742000,757000,782800.0,793100,802400,821200,832500,831100,824200,824700,826900,827900
11367,393500.0,396800.0,394700.0,396400.0,397300.0,394100.0,389900.0,385900.0,381400.0,382500.0,388700.0,389200.0,383100.0,379700.0,382000.0,385800.0,389600.0,389000.0,387600.0,389300.0,393000.0,394100.0,397100.0,404100.0,410000.0,413800.0,418900.0,420500.0,417200.0,415800.0,417700.0,419900.0,424600.0,433700.0,443800.0,446400.0,442300.0,442200.0,445700.0,439900.0,439400.0,451900,464000,461300,456100,449200,441800,434900,441900,456500,466000,469700,475600,480700,480600,475900.0,475800,477400,483000,486900,492800.0,498800.0,505700,505300,503300,501300.0,509100.0,527500.0,531900.0,539700,549200,568600,573100,567100,562800,582700.0,596700,607500,620000,631400,630800,627600,639300,652900,655100
10013,1969300.0,1990800.0,2004700.0,2020300.0,2044900.0,2066600.0,2070100.0,2064700.0,2065900.0,2070100.0,2069600.0,2061100.0,2060100.0,2065300.0,2060100.0,2049800.0,2055100.0,2066100.0,2078000.0,2100200.0,2123300.0,2140600.0,2158500.0,2179500.0,2209400.0,2239300.0,2262700.0,2299300.0,2348300.0,2384300.0,2415200.0,2443900.0,2456300.0,2462300.0,2472900.0,2497200.0,2540700.0,2586700.0,2614800.0,2649600.0,2688900.0,2713900,2728000,2746200,2766800,2789500,2797400,2789100,2790800,2810200,2825000,2818600,2813900,2826500,2845800,2854800.0,2862300,2863700,2875000,2894900,2917200.0,2937200.0,2952500,2959000,2969000,2984500.0,2985300.0,2970300.0,2947400.0,2939200,2953400,2994000,3014500,2990500,2959300,2958700.0,2965100,2954900,2943600,2960000,3016500,3073600,3083200,3045500,3010000
11231,599900.0,606000.0,613300.0,621100.0,625600.0,629000.0,632000.0,636500.0,647500.0,662400.0,676200.0,685000.0,685000.0,680500.0,679100.0,678800.0,679900.0,687100.0,694600.0,697900.0,696000.0,698200.0,702800.0,705300.0,705300.0,707600.0,709700.0,711700.0,715200.0,720600.0,727800.0,736700.0,747100.0,754900.0,763500.0,776800.0,793000.0,804900.0,811500.0,817100.0,824100.0,833300,848800,864700,875400,885800,890700,889400,890600,890800,889200,894300,900600,904600,913600,925500.0,938100,948800,960500,973800,991600.0,1017000.0,1046000,1060300,1071200,1079300.0,1074100.0,1053500.0,1038800.0,1046700,1070000,1084200,1090300,1100900,1114500,1126900.0,1138800,1156700,1178300,1210000,1244200,1247300,1229500,1224800,1227200
10301,391400.0,389100.0,386400.0,385700.0,386700.0,386600.0,383700.0,379600.0,377500.0,376500.0,375900.0,375200.0,373600.0,372000.0,371000.0,370400.0,369300.0,368800.0,368300.0,367900.0,367800.0,367900.0,367200.0,366500.0,367600.0,370100.0,372300.0,372600.0,372600.0,373500.0,374800.0,375700.0,376600.0,378600.0,380700.0,382000.0,383000.0,384600.0,385600.0,387100.0,388500.0,388800,388800,389300,389200,389700,391400,393100,394500,395900,396800,397000,396600,395400,396000,399000.0,403000,406300,409500,413600,418900.0,424100.0,428200,430700,432400,434700.0,438500.0,443100.0,446900.0,448500,448700,449500,450800,451800,452600,454600.0,459900,467700,473800,479200,487900,499500,508900,513900,516500
10012,1245500.0,1257900.0,1272200.0,1289600.0,1307000.0,1314800.0,1314400.0,1322800.0,1331800.0,1339700.0,1350300.0,1358700.0,1367700.0,1376300.0,1371600.0,1369800.0,1389100.0,1412200.0,1417300.0,1417200.0,1426000.0,1438300.0,1447000.0,1470300.0,1506400.0,1527100.0,1537300.0,1574100.0,1615500.0,1620700.0,1611800.0,1607000.0,1598200.0,1599700.0,1621600.0,1647200.0,1675500.0,1702900.0,1722100.0,1750500.0,1792200.0,1825400,1837800,1852000,1862400,1863900,1870800,1884900,1889700,1902200,1918200,1920100,1926400,1948600,1956500,1951600.0,1960100,1983100,2006300,2022000,2027700.0,2031700.0,2035700,2049600,2078000,2112900.0,2121400.0,2107700.0,2096600.0,2113300,2120800,2132200,2152000,2159100,2137600,2122100.0,2101900,2093400,2117500,2188700,2271500,2312000,2297600,2254200,2211200
10304,374400.0,370200.0,367500.0,367000.0,367200.0,366200.0,364900.0,363200.0,361700.0,360700.0,360500.0,359900.0,358100.0,356600.0,356900.0,357200.0,355900.0,353800.0,352100.0,351900.0,353100.0,353600.0,353200.0,353900.0,355400.0,356800.0,358200.0,359200.0,359800.0,360500.0,361300.0,362200.0,364000.0,366200.0,367700.0,368200.0,368900.0,370900.0,372600.0,373000.0,372700.0,372300,371600,371400,371000,369400,368400,369300,371100,372700,374500,376600,378300,378700,378400,379500.0,383400,388400,392000,394900,398600.0,402900.0,406400,408300,409700,413300.0,418900.0,423200.0,425900.0,428400,430300,432500,435200,437700,440800,444500.0,449100,455200,462200,470000,480200,490800,499400,504800,508400
11249,604600.0,606500.0,611700.0,608900.0,604800.0,606400.0,608600.0,610400.0,618100.0,624100.0,626000.0,630300.0,633300.0,630400.0,626300.0,620900.0,615300.0,616200.0,621200.0,624000.0,628700.0,639500.0,655500.0,671100.0,681800.0,688100.0,694500.0,700800.0,711200.0,723400.0,733800.0,742800.0,756900.0,770600.0,780900.0,792200.0,806900.0,819400.0,831300.0,837500.0,836500.0,835800,840200,847000,862000,882500,899400,912200,924400,935300,943300,945200,945700,952300,965100,979300.0,988800,990800,991600,991500,990000.0,999500.0,1023300,1048500,1063300,1072000.0,1086800.0,1099300.0,1090700.0,1082500,1090500,1106100,1116500,1120600,1116800,1110500.0,1099500,1085200,1075200,1073000,1095500,1126200,1138300,1128100,1119600
10305,373400.0,369600.0,366800.0,366300.0,366600.0,364900.0,362300.0,360000.0,358800.0,358500.0,358500.0,357500.0,355700.0,354500.0,354400.0,354700.0,354400.0,353700.0,352600.0,352100.0,352300.0,352100.0,350900.0,350100.0,350700.0,352000.0,353300.0,354300.0,355000.0,356100.0,357400.0,358300.0,358700.0,359900.0,361600.0,363600.0,365300.0,367000.0,367800.0,368300.0,368600.0,368900,368500,368000,367700,367300,367400,369100,371700,373700,375100,376400,378100,378800,378600,380000.0,384000,388900,393000,396200,399100.0,402200.0,405400,408300,410000,411300.0,413700.0,416300.0,417800.0,419200,421900,425600,428600,430100,431500,433400.0,436900,443100,450800,459700,469200,475800,479400,482500,485400
11357,588600.0,586500.0,585100.0,584500.0,584900.0,586300.0,586700.0,586000.0,584400.0,583700.0,582800.0,581400.0,578800.0,574600.0,570300.0,569800.0,571500.0,572000.0,571100.0,570400.0,570500.0,572900.0,575300.0,576600.0,576800.0,578100.0,581100.0,585400.0,588000.0,589400.0,591800.0,595700.0,599400.0,602200.0,606500.0,610400.0,614500.0,619400.0,626300.0,635300.0,646700.0,655900,660100,661100,660400,660200,662100,666700,672300,677300,678400,679000,683000,685600,685200,686500.0,689400,693400,699000,703800,707800.0,714000.0,720000,723800,725300,725500.0,726100.0,729600.0,734500.0,738800,742600,745200,749600,755900,760200,760900.0,762900,770000,781200,792500,801800,806700,810800,819700,829300
11105,512900.0,507800.0,503800.0,504400.0,507900.0,509000.0,504600.0,500100.0,499400.0,499900.0,496900.0,494500.0,496800.0,497600.0,493400.0,493500.0,496600.0,498500.0,502700.0,505100.0,504500.0,506800.0,512000.0,513500.0,511700.0,511900.0,515400.0,519800.0,523100.0,525600.0,525300.0,526600.0,530500.0,536300.0,541100.0,544100.0,545700.0,548600.0,552900.0,561000.0,574000.0,586400,592200,591800,589000,589400,592100,595500,600100,606200,610600,614100,616100,615700,612700,615900.0,624200,634300,643800,654700,662800.0,667800.0,668400,667100,666000,671600.0,682100.0,693400.0,704900.0,704300,699500,705400,719400,726200,731100,738700.0,752900,771000,791300,801000,796800,794100,797800,796100,792000
10017,572700.0,573900.0,580600.0,590300.0,596000.0,597400.0,598600.0,597900.0,589900.0,586000.0,589900.0,594100.0,597300.0,599600.0,593600.0,587200.0,588200.0,592100.0,591700.0,588100.0,585800.0,586000.0,592000.0,602000.0,612300.0,619000.0,622200.0,628000.0,642300.0,654000.0,657500.0,658500.0,659600.0,661300.0,660900.0,661900.0,667700.0,666500.0,657000.0,657700.0,672600.0,691600,708700,718000,719500,720400,717500,713200,714200,724300,733700,739300,741800,744800,742300,740900.0,743900,757800,773900,784000,785300.0,790700.0,795300,793400,785000,779700.0,783100.0,787200.0,786500.0,779600,775800,772500,771800,774600,789900,803900.0,812700,816900,814500,837400,894200,942100,964200,979700,985600
11228,583300.0,582700.0,587300.0,592800.0,596200.0,598800.0,601300.0,601300.0,600500.0,602200.0,606300.0,611400.0,612300.0,606700.0,600000.0,594500.0,591400.0,593500.0,596200.0,595700.0,594100.0,595400.0,599600.0,604800.0,608900.0,611700.0,613100.0,615000.0,617900.0,619500.0,621700.0,625500.0,628800.0,630000.0,632700.0,639100.0,648700.0,658400.0,665800.0,671600.0,678600.0,686000,691500,694900,699900,708900,717500,721100,723400,729000,735000,737000,736300,738000,744300,752300.0,760600,769600,777800,786700,798300.0,811600.0,820200,823900,824000,822000.0,821100.0,825300.0,829300.0,831800,834000,834700,836700,842100,849900,857500.0,865900,872600,878300,885700,893200,893800,892400,898100,905500
10038,737600.0,739800.0,742000.0,742200.0,741300.0,744500.0,747500.0,749400.0,746800.0,745200.0,744600.0,746100.0,748100.0,751200.0,748900.0,743600.0,741500.0,739000.0,742300.0,750600.0,758600.0,759800.0,769400.0,785800.0,800400.0,806800.0,807800.0,806500.0,806400.0,806900.0,810400.0,820600.0,827100.0,825000.0,820400.0,822200.0,829000.0,838400.0,849600.0,857400.0,867700.0,884900,901200,914500,924900,924500,923900,931500,943600,961900,986700,1012500,1027400,1029000,1025500,1022700.0,1027300,1050300,1074400,1086900,1078700.0,1054300.0,1031900,1024500,1029000,1039500.0,1042100.0,1039800.0,1042900.0,1042300,1039900,1048400,1062400,1073400,1082400,1089900.0,1092300,1096600,1094800,1085800,1120900,1201100,1252100,1245200,1234500
11379,491800.0,490900.0,487700.0,487800.0,491100.0,490600.0,484500.0,479300.0,476400.0,475700.0,476500.0,477700.0,477300.0,474900.0,474000.0,476600.0,478900.0,479300.0,479200.0,479500.0,480100.0,483400.0,486900.0,489600.0,492700.0,495400.0,495600.0,496300.0,498000.0,497500.0,496500.0,499000.0,503800.0,509200.0,512600.0,513500.0,513200.0,514600.0,516800.0,523400.0,534600.0,545300,549600,549400,548600,551200,555500,561400,568000,573200,575600,578600,581400,582700,583500,585700.0,588400,591500,597000,602700,607900.0,613200.0,618400,623600,629000,633200.0,638000.0,643800.0,647900.0,650200,654800,661700,669200,676000,680400,678800.0,677200,683500,695600,706100,712900,713200,710000,711200,715200
11413,358500.0,356800.0,355400.0,354300.0,352800.0,351200.0,349300.0,346800.0,343700.0,340800.0,339000.0,338100.0,336500.0,334300.0,332300.0,331500.0,332100.0,333300.0,334300.0,335500.0,337700.0,340300.0,342700.0,343800.0,344600.0,346000.0,348000.0,349200.0,349900.0,350200.0,349900.0,349800.0,351900.0,354000.0,354600.0,354700.0,355900.0,358000.0,360900.0,363900.0,366800.0,369600,370700,369300,367000,366000,367100,371000,375300,377200,377100,376400,375000,373700,373000,374300.0,377500,381700,385700,388600,390900.0,394200.0,397000,398700,401100,404400.0,408600.0,412400.0,414800.0,419400,426200,430100,430700,432400,434000,434100.0,433000,435100,440800,445800,447900,448100,448900,451700,454600
11420,341400.0,340800.0,339900.0,338400.0,336200.0,333500.0,331000.0,329200.0,327200.0,325600.0,325800.0,327600.0,329300.0,330100.0,330900.0,334100.0,337900.0,340800.0,342700.0,344800.0,346700.0,348000.0,347700.0,346500.0,346400.0,347900.0,349800.0,350300.0,350300.0,350500.0,349900.0,349300.0,351800.0,357100.0,361000.0,361900.0,361800.0,362300.0,363100.0,365800.0,371200.0,376200,377900,377300,375800,375200,377100,381700,386500,389500,390200,390700,391600,393000,395300,398100.0,400600,403400,406900,408800,410100.0,412200.0,415200,418200,420800,423100.0,427000.0,432100.0,435500.0,437000,438300,439700,441800,444600,446300,446100.0,446500,449900,455900,462100,466200,467200,469900,476600,482700
11414,484600.0,489300.0,490300.0,488800.0,489300.0,488700.0,485500.0,482200.0,480300.0,478200.0,476200.0,474100.0,471400.0,468800.0,467300.0,469700.0,471700.0,466900.0,458800.0,456400.0,456400.0,455200.0,452200.0,449000.0,447500.0,447100.0,448900.0,451700.0,453400.0,455000.0,457200.0,459900.0,463600.0,466700.0,469700.0,473900.0,475100.0,474000.0,473000.0,472200.0,472200.0,475700,477200,472900,467200,463900,460600,460900,463200,460000,451700,447300,448100,448000,447900,450400.0,454100,455700,455400,454900,457900.0,464600.0,471300,476500,482700,491700.0,499800.0,503400.0,502300.0,506800,516800,521100,519300,521800,524700,525300.0,525700,530600,538700,545700,547700,547300,548900,555900,562700
10309,435400.0,434200.0,433200.0,433700.0,434900.0,436000.0,436800.0,437300.0,437000.0,436800.0,437500.0,437700.0,436500.0,435300.0,435200.0,435800.0,435100.0,432300.0,428600.0,426200.0,425200.0,424800.0,424300.0,424800.0,425900.0,427600.0,430500.0,433300.0,434100.0,434100.0,434800.0,435600.0,436500.0,438500.0,440100.0,440600.0,441800.0,444100.0,446000.0,448900.0,453300.0,455900,456400,457200,458600,459600,460400,461200,461900,462100,461900,461700,461200,460200,459500,461500.0,465800,468900,470200,472200,474900.0,477000.0,478500,479200,480100,481900.0,484100.0,485900.0,487600.0,489400,491700,494500,496700,497200,497800,500100.0,504900,512100,519500,526600,534200,540700,544600,547700,550600
11412,351100.0,347800.0,344900.0,341400.0,339000.0,338800.0,338200.0,336400.0,335200.0,334000.0,331700.0,329300.0,327200.0,326200.0,325700.0,325500.0,325100.0,324500.0,323700.0,323400.0,324000.0,325900.0,328100.0,329200.0,330400.0,332500.0,335600.0,338100.0,338100.0,337700.0,338500.0,340200.0,343400.0,348300.0,352000.0,354300.0,356400.0,358500.0,360500.0,361700.0,362300.0,363400,364700,363900,361300,359400,359400,361500,363800,365200,366100,367100,367900,366900,366400,367200.0,368300,369200,371100,373800,378000.0,383100.0,387000,389500,392300,396200.0,400400.0,403900.0,407000.0,411400,416800,420900,424300,428000,430800,430600.0,428800,430800,437100,443100,446700,447300,448000,451100,454100
11361,557200.0,553000.0,550900.0,553000.0,554800.0,551700.0,545800.0,542800.0,541000.0,540900.0,541800.0,541600.0,539800.0,537900.0,536200.0,537900.0,540400.0,540300.0,539300.0,540400.0,542600.0,545100.0,544600.0,540900.0,537200.0,534100.0,531900.0,532700.0,534800.0,536800.0,538100.0,541200.0,546500.0,552800.0,558900.0,565900.0,573000.0,579400.0,584200.0,589800.0,599200.0,609500,616500,618600,616600,614500,615600,619300,625000,630700,632400,633700,638400,641800,643000,646500.0,651100,655100,660000,664600,669700.0,676700.0,683500,688300,692600,697200.0,702500.0,709200.0,715000.0,719600,724500,729300,735200,742500,746900,747300.0,749700,757400,766800,774200,781000,784400,787400,795300,804400
11421,343400.0,344400.0,346600.0,347700.0,345700.0,343100.0,340900.0,339700.0,339000.0,337200.0,333600.0,330200.0,327800.0,325500.0,324400.0,327000.0,332600.0,335900.0,336400.0,336100.0,335200.0,334500.0,335600.0,337300.0,338100.0,338900.0,340700.0,342000.0,342100.0,342800.0,344000.0,345200.0,347800.0,352200.0,356900.0,360700.0,363500.0,365900.0,368200.0,372500.0,378700.0,384100,386000,384500,381400,380900,382900,386400,391400,394800,395700,397900,402000,403500,403900,406900.0,413100,418700,421400,421800,423700.0,428400.0,432000,432500,431400,432200.0,435200.0,439200.0,443500.0,447200,451000,456200,462900,469900,476000,477400.0,476300,479300,488000,497100,503300,506200,509300,514200,519000
11378,459100.0,457500.0,456100.0,455700.0,455900.0,454900.0,452900.0,451200.0,449000.0,447000.0,445700.0,444800.0,443500.0,441100.0,438400.0,439000.0,441800.0,443500.0,443600.0,443400.0,443400.0,445000.0,446000.0,446100.0,447300.0,448500.0,449400.0,452900.0,457000.0,458100.0,457000.0,457700.0,461000.0,465400.0,468700.0,471600.0,474800.0,478800.0,482300.0,489200.0,498900.0,508100,512300,512200,509200,508100,510600,515600,521800,527100,529400,533700,540900,545000,546800,551000.0,556500,560700,564100,566200,569800.0,573200.0,576200,580800,586600,592100.0,598400.0,605900.0,613600.0,623600,633700,639900,644800,650100,652900,649700.0,646100,648900,659200,669400,676200,676700,676300,680600,686400
11419,344700.0,345300.0,346400.0,346200.0,345000.0,342800.0,340500.0,340200.0,341400.0,340600.0,338200.0,337200.0,338700.0,340500.0,340400.0,340600.0,341900.0,343200.0,343500.0,343400.0,342600.0,342000.0,341500.0,340900.0,340400.0,341200.0,343200.0,344200.0,343800.0,343200.0,343700.0,345900.0,350600.0,355900.0,359300.0,360500.0,361100.0,361700.0,363100.0,366800.0,373000.0,378300,380800,380300,379000,379600,383700,389600,394800,396800,395300,393400,393600,393900,392900,393100.0,396300,399900,401700,401300,402000.0,405600.0,410800,414900,417600,420700.0,426100.0,432700.0,437300.0,439000,440000,442200,446600,452200,457400,459200.0,458900,462000,469400,474200,474700,476600,482800,490800,497100
11433,320600.0,317400.0,314200.0,310400.0,304700.0,298500.0,293300.0,290000.0,289500.0,292300.0,296200.0,298500.0,299000.0,299600.0,298500.0,297300.0,297900.0,300300.0,302500.0,304800.0,306200.0,307200.0,308300.0,308600.0,308800.0,309200.0,309600.0,308300.0,306100.0,305100.0,307400.0,309900.0,310900.0,311600.0,313600.0,314500.0,314400.0,315400.0,319400.0,324100.0,328600.0,332300,334000,333900,334300,333800,333500,336000,339300,339800,339400,340600,342500,343700,344900,347500.0,350500,353100,354000,353800,355900.0,360800.0,365600,369200,373400,378700.0,384700.0,389700.0,394000.0,397900,402000,405700,409900,414400,417700,418500.0,419200,422900,428400,431500,432900,432600,432700,435400,439100
10308,396200.0,394800.0,393100.0,392200.0,391900.0,391300.0,390300.0,390500.0,391800.0,391700.0,390100.0,388900.0,387100.0,385200.0,384700.0,385200.0,385000.0,383500.0,382500.0,382800.0,383300.0,384500.0,385700.0,386100.0,386500.0,388200.0,390500.0,392400.0,393200.0,393500.0,393800.0,393800.0,393700.0,393900.0,394800.0,397200.0,400600.0,402500.0,402100.0,402300.0,403700.0,403900,403200,403500,404300,404800,406200,407800,408900,409700,410900,412500,413900,414700,415100,416000.0,417300,419100,420800,422200,424000.0,427200.0,430800,432500,432500,433000.0,434500.0,436000.0,438000.0,440100,442500,445700,448200,449300,450300,451700.0,455100,462200,470400,477300,484800,492800,498900,502700,505500
11418,365500.0,365200.0,363600.0,364300.0,365500.0,364600.0,361600.0,359000.0,356900.0,355700.0,354400.0,353300.0,353800.0,355200.0,355900.0,356500.0,356900.0,355700.0,354300.0,354100.0,354600.0,354600.0,353900.0,353400.0,353900.0,354600.0,355500.0,356900.0,356900.0,357300.0,361000.0,366900.0,370400.0,372800.0,375500.0,377500.0,378100.0,379400.0,381500.0,386200.0,394200.0,402600,404400,402500,403200,407400,411400,415400,420300,423600,425000,425300,428000,430000,430300,430700.0,432700,434100,434300,433500,434300.0,437800.0,441400,445000,449000,453100.0,458000.0,461600.0,461600.0,461800,464900,469100,473800,478600,481700,482600.0,483600,488500,497000,506400,514800,520200,526500,534900,541200
11423,392600.0,390500.0,388000.0,385400.0,382600.0,379500.0,376300.0,373300.0,370500.0,367700.0,365100.0,363200.0,361900.0,361300.0,361200.0,362200.0,363300.0,363800.0,364400.0,365300.0,366600.0,369400.0,372400.0,372300.0,371500.0,372500.0,375000.0,376900.0,378500.0,379800.0,381500.0,385500.0,391000.0,396100.0,399600.0,403200.0,405300.0,406100.0,406600.0,409100.0,413300.0,417500,419600,419700,419600,420200,422500,426900,432400,435800,435900,435400,436500,436100,435100,436700.0,440700,443900,446400,447500,450400.0,455700.0,461100,463700,465400,468000.0,472500.0,475200.0,474500.0,472700,473100,474300,476500,482700,491100,493500.0,491100,496500,508200,515000,516200,516600,520200,530100,540500
11369,412800.0,411900.0,410200.0,407000.0,405800.0,407300.0,407600.0,408500.0,410200.0,410000.0,406800.0,404300.0,402900.0,401400.0,399200.0,399900.0,403100.0,404600.0,403200.0,401700.0,401200.0,403100.0,408100.0,413600.0,417200.0,418900.0,420900.0,424400.0,426500.0,425800.0,425000.0,425300.0,428500.0,435700.0,442900.0,447500.0,450400.0,452900.0,455300.0,460700.0,468500.0,475100,477800,478200,476300,474700,474300,477700,486000,494500,498800,502400,506600,508500,510700,517700.0,527300,535100,540400,543100,545200.0,548200.0,551200,555200,561300,568100.0,573900.0,577600.0,579500.0,580400,581000,584000,588800,593100,598500,602900.0,605300,612500,625500,634900,638500,638900,641600,646300,650200
10310,381200.0,376800.0,373200.0,371900.0,371900.0,371300.0,369900.0,367900.0,366200.0,364800.0,364100.0,362700.0,360600.0,359200.0,359300.0,359500.0,358400.0,356300.0,354300.0,354100.0,354500.0,355200.0,355800.0,355800.0,356000.0,357700.0,360200.0,361900.0,362400.0,363000.0,363700.0,364100.0,364900.0,366200.0,366700.0,366700.0,367800.0,370000.0,371600.0,372300.0,372900.0,373700,374800,375500,375300,375100,375900,377200,378800,380000,380900,382100,383100,381600,380000,381900.0,385400,387900,390000,393000,397300.0,401500.0,403700,404900,407600,411600.0,415400.0,417600.0,418700.0,419700,420600,421100,423000,425400,426900,427600.0,431100,436800,442100,448300,458100,469300,478300,486500,493600
10303,275300.0,272000.0,269000.0,267500.0,266700.0,265700.0,264200.0,262500.0,261600.0,261400.0,262000.0,262000.0,260000.0,258200.0,257900.0,257600.0,256300.0,254400.0,252000.0,250600.0,250400.0,249900.0,249300.0,249400.0,250500.0,251600.0,252900.0,253900.0,254300.0,254700.0,255600.0,257000.0,258300.0,259400.0,260100.0,260900.0,262500.0,264700.0,266000.0,267500.0,269700.0,272200,274000,274500,274400,274600,274700,274600,275000,275600,276000,276100,275600,274900,274500,274600.0,274900,275700,277000,278800,280100.0,281800.0,284500,286600,287000,286800.0,287700.0,291900.0,297900.0,302900,306200,309400,313100,316800,318700,319100.0,321700,326800,332600,337200,341900,347000,351500,355300,358500
11694,657600.0,653800.0,647300.0,643200.0,639900.0,634500.0,628000.0,622500.0,616000.0,611300.0,608500.0,606400.0,606700.0,610300.0,612800.0,615400.0,621300.0,622000.0,618500.0,618400.0,618300.0,619400.0,625000.0,629800.0,631200.0,633800.0,636200.0,639800.0,640100.0,636500.0,632900.0,627400.0,619200.0,610000.0,598700.0,581600.0,568000.0,561000.0,557100.0,554100.0,556500.0,561700,563400,560800,565200,581100,596600,607300,610900,607600,599000,596900,601200,607700,608900,611600.0,619300,630400,638500,644100,650000.0,657000.0,664400,669800,670900,672600.0,681200.0,691900.0,698700.0,698700,700700,707700,718500,729800,742400,752800.0,763200,777000,797000,813500,812100,798100,791600,799200,808700
11422,355400.0,352400.0,350200.0,348500.0,347600.0,347300.0,346000.0,343600.0,341500.0,339000.0,336200.0,334100.0,332600.0,331200.0,329500.0,328100.0,327300.0,327100.0,326900.0,326500.0,326500.0,328300.0,331400.0,334000.0,335900.0,337800.0,340400.0,342600.0,344100.0,344400.0,344400.0,345100.0,346100.0,346500.0,347200.0,348700.0,349500.0,350700.0,353800.0,357400.0,361500.0,366300,368700,367500,365700,366300,369500,374000,378300,381300,382200,381600,380000,377900,376000,376500.0,378400,380600,382400,383900,386800.0,391900.0,396200,398700,401600,405700.0,411000.0,416100.0,420300.0,425900,432200,435700,436200,437000,437800,436700.0,434000,435000,440800,446300,448800,449200,450100,452700,455500
11232,339400.0,342900.0,350300.0,353300.0,350100.0,348800.0,350300.0,351500.0,352700.0,353000.0,353400.0,355000.0,354800.0,350300.0,345100.0,339400.0,332700.0,333300.0,338700.0,339600.0,334200.0,329900.0,329600.0,332000.0,337200.0,342900.0,344800.0,343300.0,341800.0,338200.0,333400.0,331000.0,332600.0,336400.0,342600.0,348200.0,349200.0,348400.0,350500.0,352200.0,353900.0,356200,359600,363200,367300,370700,373400,375700,382500,395900,408600,421400,435000,445700,454700,464100.0,472300,479200,485300,490500,496300.0,497800.0,498800,500700,498500,490000.0,483100.0,483400.0,493500.0,505600,513300,518900,529100,541200,547400,549100.0,556000,570500,583500,594700,609400,622500,627700,633100,640000
11417,360100.0,360500.0,359600.0,358900.0,358000.0,357400.0,355800.0,353300.0,350600.0,348700.0,346900.0,346300.0,346300.0,346100.0,345500.0,345500.0,346400.0,346700.0,347100.0,347400.0,347200.0,347100.0,347000.0,346400.0,346400.0,346500.0,346600.0,346300.0,346600.0,346900.0,347200.0,348700.0,352400.0,356200.0,359700.0,362700.0,365000.0,367000.0,370300.0,375800.0,382300.0,387600,389700,389300,388700,389200,391700,395900,400600,403700,404900,405700,406600,407300,409000,413200.0,417900,422900,427100,428000,427200.0,429900.0,434500,437300,437600,438300.0,440200.0,443200.0,446300.0,448700,450500,453200,458100,463200,466300,466000.0,465100,467800,475700,484100,488700,487800,488200,493900,500100
11427,400900.0,397800.0,395200.0,393700.0,392500.0,391200.0,388900.0,385700.0,383600.0,383600.0,382900.0,380600.0,378700.0,377100.0,375000.0,374000.0,374600.0,375500.0,377600.0,380800.0,383700.0,385600.0,387000.0,388600.0,390500.0,392200.0,395100.0,398400.0,400100.0,401400.0,403700.0,406500.0,408800.0,411300.0,413800.0,416500.0,419100.0,422500.0,425200.0,428100.0,433300.0,439200,441000,438700,435300,432800,432700,436100,440300,442000,442000,442700,444500,445500,445600,447200.0,451700,457500,461400,461700,461900.0,463500.0,465400,467200,469400,471900.0,475600.0,478900.0,479800.0,485700,496700,503400,505600,510100,514200,515700.0,516100,519600,527100,538600,546200,544300,540700,545200,551300
11692,317100.0,314300.0,309700.0,303900.0,296100.0,287300.0,281900.0,279700.0,279600.0,279000.0,277600.0,274400.0,272700.0,272500.0,272200.0,269000.0,264700.0,261000.0,258300.0,256900.0,257000.0,259000.0,261100.0,262900.0,264200.0,265600.0,269000.0,274700.0,277300.0,274800.0,270700.0,267700.0,267000.0,267400.0,270900.0,276000.0,278700.0,278900.0,277800.0,275700.0,276700.0,277600,273400,268200,267600,270500,274200,276500,277900,277400,276600,274400,272200,272900,278900,284800.0,286600,286100,285900,288400,290500.0,289400.0,288300,290300,292000,293800.0,297600.0,301500.0,304800.0,308100,310900,310200,311300,319000,326600,327400.0,326200,332800,345100,355200,359000,359900,360100,363100,366900
11370,435100.0,432300.0,429000.0,429900.0,431100.0,428400.0,423600.0,423100.0,423100.0,423900.0,422600.0,420500.0,419600.0,419800.0,418400.0,418600.0,422000.0,425100.0,425300.0,422600.0,421800.0,424000.0,427200.0,429700.0,432800.0,435300.0,436600.0,439400.0,442700.0,443800.0,443700.0,445400.0,449300.0,455200.0,460000.0,462100.0,462100.0,463400.0,466500.0,472500.0,479400.0,485600,488300,488200,487200,488400,492600,500200,509700,517500,521000,525200,531100,534600,535600,540300.0,547000,552500,555700,557800,561100.0,563500.0,563100,565500,571900,577800.0,583900.0,589900.0,591800.0,592100,596600,602800,605600,608200,614800,619300.0,622200,630300,644100,654000,660800,662800,663300,665000,668500
11356,460100.0,459400.0,459400.0,460700.0,460100.0,455700.0,449700.0,446700.0,445100.0,442600.0,439600.0,437900.0,437400.0,436500.0,435000.0,434900.0,437800.0,439700.0,438900.0,437900.0,438800.0,440400.0,442400.0,444500.0,445400.0,444200.0,443900.0,445300.0,446400.0,447000.0,447500.0,448300.0,450600.0,453400.0,454900.0,457000.0,460200.0,464100.0,468200.0,473200.0,480200.0,489600,495600,496000,494300,495200,498600,505600,514600,522600,527400,531000,535300,537900,539100,544200.0,553000,558900,561400,562900,566200.0,569700.0,572900,577900,584200,589100.0,595300.0,601000.0,602100.0,607400,618300,624000,626500,633100,638400,639400.0,640800,647800,659600,670600,676900,676000,673200,676500,682200
11429,367300.0,364900.0,362000.0,358100.0,354100.0,351400.0,349400.0,346500.0,343200.0,340500.0,339300.0,339300.0,338100.0,336500.0,335900.0,335600.0,334300.0,333000.0,331200.0,329600.0,331000.0,335100.0,338700.0,339700.0,339700.0,340900.0,342700.0,343500.0,343400.0,343500.0,344300.0,345500.0,348300.0,351100.0,351800.0,351900.0,352400.0,352700.0,354300.0,357100.0,360900.0,365800,369500,370100,368800,367400,368500,373800,380700,386200,388600,388800,387900,386700,386400,387800.0,390600,395100,401000,404600,406400.0,409800.0,414100,416700,418500,420900.0,425200.0,429000.0,430900.0,432000,434600,437500,440500,443900,446400,446400.0,445900,448100,452800,456500,457300,455500,454200,455500,457200
11362,585800.0,589700.0,590200.0,588800.0,587100.0,585100.0,584800.0,586100.0,585200.0,582000.0,578600.0,574500.0,568800.0,563400.0,562500.0,566900.0,571900.0,575800.0,579400.0,583200.0,586700.0,591100.0,594200.0,595900.0,597400.0,599600.0,601900.0,603200.0,602300.0,602200.0,602200.0,602800.0,605600.0,609600.0,611600.0,613500.0,616000.0,618300.0,621900.0,629200.0,642800.0,657000,664800,667300,664700,660800,657600,655600,655900,659800,661400,663600,669400,671700,670100,669300.0,673200,684000,699600,710200,715400.0,720700.0,725100,726300,724500,724500.0,728900.0,734700.0,739700.0,740800,741600,745800,756700,767700,773600,772000.0,770200,773300,780000,785700,789000,790500,792400,798300,804800
11411,371800.0,369600.0,366800.0,363300.0,361000.0,360600.0,361600.0,361800.0,360100.0,356800.0,354500.0,352600.0,349500.0,346700.0,345700.0,345100.0,343100.0,342100.0,341400.0,340100.0,339600.0,341500.0,342500.0,341300.0,340500.0,340600.0,341100.0,341500.0,342200.0,343000.0,344100.0,345700.0,348400.0,351100.0,353100.0,355200.0,357400.0,359800.0,361900.0,363900.0,367000.0,371500,374400,373800,371300,369200,369900,373700,378300,381600,383600,383400,381700,379900,379100,380200.0,383900,389300,394000,396900,399700.0,403300.0,406200,407800,410100,413000.0,417200.0,421500.0,425000.0,426500,428300,431200,434400,436800,438700,439100.0,438100,439500,444000,447800,449600,450600,453200,457600,461500
10470,357000.0,355600.0,354900.0,352000.0,350500.0,350400.0,352600.0,356400.0,358500.0,359000.0,361600.0,367600.0,371400.0,371100.0,369400.0,371300.0,372900.0,370400.0,364600.0,359100.0,355400.0,352700.0,349000.0,345600.0,344400.0,343100.0,341900.0,342700.0,343100.0,342500.0,343000.0,345200.0,347000.0,348500.0,348200.0,347700.0,347400.0,347500.0,346400.0,345300.0,346200.0,348800,351000,352400,354100,355200,358200,362700,370100,377800,383800,387700,391100,392000,391400,393700.0,397800,400000,399100,398900,399100.0,399200.0,398700,400600,404800,408900.0,411200.0,412200.0,413200.0,413900,413500,413300,414800,416300,416700,415900.0,414900,416600,419700,421400,422600,426900,431200,434000,436200
11426,442400.0,442000.0,442500.0,441100.0,438300.0,437700.0,438300.0,437500.0,436300.0,435200.0,433900.0,432000.0,430100.0,427500.0,426000.0,426600.0,427200.0,427500.0,428200.0,428400.0,429300.0,432600.0,436600.0,439700.0,442000.0,443500.0,444800.0,446200.0,446500.0,445600.0,444900.0,446300.0,448700.0,451600.0,453100.0,454100.0,455100.0,456100.0,456000.0,458100.0,463400.0,468600,470100,467900,465200,464900,466400,470300,475600,479100,478200,477700,479100,479800,479400,481500.0,484000,486900,491600,495300,497100.0,499800.0,504400,508800,511800,514100.0,519100.0,524200.0,526700.0,526800,528800,533100,539100,546500,552100,552600.0,552400,558300,568800,577200,582500,583400,583100,583900,585300
10005,899200.0,900300.0,886700.0,881900.0,889100.0,897400.0,899000.0,893500.0,882700.0,877600.0,879800.0,886100.0,886100.0,882600.0,882400.0,887300.0,895100.0,898200.0,898300.0,904700.0,909800.0,909700.0,910100.0,915100.0,919900.0,921500.0,924700.0,934300.0,941100.0,946100.0,955000.0,956800.0,947000.0,940400.0,940900.0,941100.0,942400.0,952900.0,967200.0,981700.0,996400.0,1005900,1002600,1006300,1025800,1049300,1066100,1077500,1084100,1093300,1108100,1115700,1112900,1104700,1103200,1108500.0,1120600,1131400,1141500,1154800,1163600.0,1168100.0,1171100,1175700,1179200,1196700.0,1215400.0,1229600.0,1236500.0,1241500,1247600,1260700,1272400,1277400,1275300,1261400.0,1247500,1245000,1245900,1238800,1236100,1242100,1242400,1227100,1210400
10302,313200.0,311100.0,308500.0,307800.0,308000.0,307800.0,307400.0,307000.0,306400.0,306000.0,305900.0,305500.0,304700.0,304700.0,304900.0,304400.0,302400.0,299400.0,298900.0,300800.0,302600.0,304400.0,305900.0,306400.0,306200.0,305800.0,305900.0,305900.0,304600.0,303900.0,304600.0,305600.0,306400.0,307500.0,308800.0,310300.0,311500.0,312300.0,312800.0,314200.0,315900.0,316800,316200,316200,316700,317700,319200,321600,324700,328000,331100,335100,339100,340600,339900,340100.0,342100,343700,343700,343400,343800.0,344800.0,345900,346600,348100,350200.0,352500.0,355300.0,357900.0,358900,359500,361200,364200,367200,369600,372600.0,378200,386900,394800,399600,403900,410000,415200,418500,421000
11428,376700.0,376800.0,378500.0,379600.0,379300.0,378300.0,375500.0,370300.0,365400.0,361500.0,358400.0,356800.0,356500.0,355300.0,354500.0,355100.0,355200.0,354400.0,354200.0,354100.0,354500.0,357300.0,361200.0,363000.0,363100.0,363500.0,364600.0,365400.0,365300.0,366300.0,369600.0,374000.0,378600.0,383000.0,386000.0,388000.0,388600.0,389100.0,389800.0,392400.0,398900.0,408100,413800,414800,413800,414100,415500,417400,419000,420100,419800,418900,418300,416600,416400,420000.0,425200,428900,432000,434200,436900.0,441100.0,444900,445900,445600,447100.0,451100.0,454500.0,455100.0,453000,452000,454300,459800,465100,468100,468600.0,469300,472600,477400,482300,486300,486500,485600,488200,491800
11693,302100.0,302300.0,309600.0,317400.0,315600.0,308800.0,302600.0,296700.0,290200.0,285600.0,282800.0,282800.0,285300.0,286000.0,283000.0,281400.0,282200.0,283300.0,284500.0,287000.0,291100.0,297300.0,301900.0,303200.0,303500.0,303900.0,303900.0,303400.0,303100.0,305600.0,310300.0,313700.0,316100.0,316700.0,317200.0,319900.0,323500.0,324400.0,323600.0,323000.0,324800.0,325800,322100,315900,310800,306600,304700,305000,305400,305600,305900,305600,304000,301500,300500,304300.0,309700,313800,314200,311600,310500.0,311600.0,312300,312800,314500,317600.0,321200.0,322700.0,323500.0,328100,336400,342900,349600,357300,360700,357500.0,355100,357800,366600,377600,384800,385100,384800,388900,393800
11004,452300.0,450000.0,446900.0,445400.0,446000.0,447300.0,447800.0,447100.0,444800.0,440400.0,435700.0,431100.0,428600.0,427400.0,426600.0,426200.0,428300.0,429600.0,428800.0,427500.0,427500.0,428900.0,430000.0,431200.0,433600.0,436800.0,439000.0,439800.0,438800.0,437900.0,438800.0,441600.0,446100.0,452500.0,458100.0,466800.0,475600.0,481400.0,484100.0,487000.0,490100.0,494000,493800,490200,487100,487100,490200,493900,494900,494000,492100,493300,496400,498600,500100,503400.0,507600,513600,520600,525100,526700.0,528200.0,530900,533400,534900,537300.0,541900.0,546200.0,547500.0,541400,533300,530900,537700,548700,558400,562400.0,565100,572600,585700,599500,609200,614000,619600,625500,629000
10280,564100.0,571200.0,572700.0,572400.0,575400.0,576500.0,575300.0,573000.0,567900.0,561600.0,556000.0,552800.0,551600.0,554600.0,557000.0,557200.0,560800.0,570700.0,578500.0,583500.0,587400.0,592100.0,597000.0,600700.0,601500.0,607100.0,619300.0,632000.0,638800.0,642900.0,646000.0,648600.0,648800.0,650100.0,651900.0,653100.0,653800.0,653700.0,653600.0,657800.0,664900.0,670800,679700,695500,710500,715000,714300,720400,734000,752200,766000,775100,781700,782300,778700,783500.0,794800,803800,809600,811800,810900.0,809900.0,808200,806300,808000,815200.0,819700.0,817700.0,814700.0,819100,830000,842100,844500,835900,826500,820700.0,818800,818500,818700,819400,826400,832700,834000,830500,827800
11436,295200.0,295000.0,294300.0,292500.0,289700.0,286500.0,283700.0,280400.0,277200.0,275000.0,275000.0,275900.0,275500.0,273800.0,274400.0,278000.0,282500.0,285800.0,287000.0,288300.0,290000.0,292300.0,293900.0,295000.0,295100.0,294500.0,292900.0,292600.0,292600.0,292800.0,295300.0,298700.0,301200.0,302800.0,304400.0,306600.0,309900.0,313800.0,317900.0,320800.0,323000.0,325200,326600,325600,324200,324300,326700,329900,333200,335600,335800,335300,336300,338400,340600,342800.0,344900,347300,349800,351400,353800.0,357900.0,362400,366400,370500,375100.0,379700.0,382600.0,383800.0,385900,390000,393300,394500,395200,396500,398400.0,400400,403100,407500,414700,421700,422900,421800,423800,426700
11416,349300.0,348900.0,350500.0,351400.0,350300.0,348000.0,345700.0,344100.0,342800.0,340700.0,337700.0,335900.0,335900.0,336300.0,336500.0,337300.0,338700.0,338300.0,335900.0,333900.0,332800.0,331900.0,331400.0,330500.0,329200.0,328500.0,330100.0,332100.0,333200.0,334200.0,336000.0,338500.0,342400.0,346400.0,349900.0,354100.0,358000.0,361300.0,365400.0,371000.0,377500.0,383700,387100,386500,384100,383300,383400,385200,389800,392200,389700,387000,387900,391100,395900,402600.0,410900,418600,423800,425800,427200.0,431200.0,435400,435500,431700,428900.0,430100.0,433200.0,434900.0,438600,444400,448300,450800,455000,459000,460600.0,461700,465900,473300,479700,484700,488500,493600,501900,510100
11366,610000.0,608700.0,607100.0,604200.0,600700.0,598500.0,597900.0,597400.0,596800.0,595700.0,593800.0,592000.0,589200.0,584200.0,580100.0,579700.0,579400.0,578200.0,576800.0,575500.0,574800.0,578000.0,581900.0,584600.0,587500.0,591900.0,595800.0,599000.0,600800.0,601200.0,602400.0,605600.0,610300.0,613900.0,616000.0,617200.0,619800.0,623600.0,628000.0,634400.0,645100.0,656000,661900,662800,662900,664600,667800,672400,679100,688100,695000,698800,702500,703800,702900,704900.0,710000,717100,725200,730700,735300.0,741800.0,747200,750900,754200,758800.0,765000.0,771900.0,774900.0,774900,775700,780600,789700,799400,804500,805100.0,804200,808500,819100,828100,833700,834400,836400,844400,853600
10307,473300.0,468600.0,464300.0,460900.0,458100.0,457900.0,460800.0,463300.0,463900.0,465900.0,469100.0,469700.0,466400.0,463700.0,462800.0,460900.0,456200.0,450300.0,447200.0,447200.0,448600.0,450200.0,452100.0,452200.0,452400.0,454900.0,460200.0,462400.0,461000.0,460100.0,460700.0,461200.0,461800.0,463500.0,464500.0,465400.0,466400.0,467500.0,467700.0,467600.0,468800.0,471100,474000,476700,478600,478800,478400,478900,480400,481400,481300,480200,478700,476600,474500,473700.0,475000,477600,479900,481700,483900.0,487800.0,491000,491100,490500,492200.0,494800.0,496400.0,498100.0,500200,502800,506600,511600,515300,518400,522400.0,527100,532600,539900,546500,553900,562200,569200,574500,579300
10069,1277900.0,1282900.0,1296400.0,1322900.0,1355400.0,1380400.0,1392500.0,1401500.0,1408600.0,1408700.0,1415100.0,1424800.0,1426400.0,1435900.0,1461500.0,1473900.0,1469500.0,1459000.0,1448600.0,1447400.0,1449700.0,1445100.0,1443700.0,1445900.0,1448000.0,1448900.0,1451700.0,1462800.0,1476500.0,1505600.0,1553400.0,1595000.0,1605100.0,1599800.0,1592700.0,1603500.0,1633900.0,1655300.0,1655800.0,1659200.0,1667700.0,1671900,1685500,1715000,1743600,1780200,1815700,1834600,1848900,1878800,1900100,1894800,1897100,1923400,1954500,1980200.0,2026000,2066000,2081400,2083400,2094700.0,2096000.0,2091700,2097700,2119700,2134900.0,2119900.0,2084200.0,2060900.0,2065800,2079200,2092300,2075800,2045800,2025500,2013300.0,1991600,1972100,1965400,1963600,1959600,1942400,1922700,1915000,1920100
10007,1652200.0,1644300.0,1654700.0,1675100.0,1685300.0,1698900.0,1722700.0,1740200.0,1745900.0,1755000.0,1774900.0,1802900.0,1845400.0,1881000.0,1891300.0,1883900.0,1879400.0,1861000.0,1847300.0,1851800.0,1874000.0,1872300.0,1863800.0,1871100.0,1883300.0,1876900.0,1872300.0,1886900.0,1921000.0,1965000.0,2005000.0,2037000.0,2052800.0,2071400.0,2106300.0,2133100.0,2151100.0,2188300.0,2237500.0,2281600.0,2324300.0,2362200,2399200,2437800,2461200,2465700,2464600,2475500,2496600,2523700,2548800,2556400,2546600,2544400,2546200,2531900.0,2529100,2552000,2588700,2628500,2672800.0,2697200.0,2676100,2641900,2625900,2618700.0,2597100.0,2579000.0,2581600.0,2608800,2652700,2687300,2686600,2663400,2667100,2668300.0,2655100,2642500,2635600,2625900,2634300,2657900,2662300,2642100,2621200
11363,713500.0,713400.0,712500.0,717300.0,722700.0,720200.0,712000.0,706900.0,703200.0,701800.0,702100.0,702700.0,702800.0,703700.0,705000.0,712000.0,722300.0,727600.0,726500.0,725300.0,724700.0,727200.0,727500.0,723400.0,719700.0,719900.0,720900.0,725000.0,730600.0,735500.0,738400.0,741800.0,743900.0,743000.0,739600.0,737200.0,738800.0,745000.0,751900.0,764500.0,785500.0,806600,815900,815900,812900,812800,816300,825400,832300,828000,819600,819000,822000,820000,818300,824800.0,833700,839700,845600,849700,854200.0,861800.0,867300,868600,871000,874900.0,878700.0,881500.0,884800.0,889100,895200,900100,903500,904400,902800,901700.0,904100,911100,920900,931500,935500,931900,931100,943500,957900
10006,554700.0,549100.0,550400.0,560900.0,572100.0,578200.0,580000.0,580200.0,576900.0,576700.0,582800.0,598100.0,620100.0,637100.0,641600.0,646600.0,650500.0,645600.0,644900.0,654200.0,658300.0,655800.0,659500.0,665600.0,664700.0,658900.0,659100.0,670600.0,690900.0,706900.0,712200.0,712600.0,715200.0,715700.0,713000.0,713700.0,723700.0,733900.0,739500.0,751400.0,767600.0,774300,764600,759200,765000,770900,766900,770300,783000,801600,819600,837500,858700,874900,881000,896500.0,922400,945100,962100,967500,960400.0,947100.0,919700,890200,869300,869500.0,880200.0,875300.0,853400.0,842200,844800,846200,836500,823200,821500,819600.0,815800,815600,821700,827300,837100,846700,850400,842800,834600
10004,978600.0,994900.0,997900.0,1004400.0,1018800.0,1035300.0,1045200.0,1035000.0,1013000.0,998000.0,982100.0,961600.0,948500.0,941500.0,933500.0,927200.0,926000.0,925300.0,929500.0,940300.0,948000.0,946000.0,945000.0,949200.0,954400.0,961100.0,972800.0,979500.0,980700.0,992800.0,1017700.0,1037500.0,1053800.0,1061900.0,1061900.0,1061000.0,1065600.0,1075200.0,1094300.0,1116600.0,1135200.0,1143100,1136400,1141000,1156000,1165500,1163100,1161700,1175200,1197800,1208600,1209800,1213800,1214000,1215400,1225600.0,1247200,1276300,1296600,1324300,1351900.0,1369100.0,1369400,1368300,1367700,1379700.0,1377300.0,1365300.0,1361300.0,1382100,1422100,1456800,1446200,1416600,1408200,1419300.0,1419600,1404100,1392900,1385800,1387200,1395100,1418400,1432400,1436300
10464,482000.0,476100.0,471700.0,463100.0,454100.0,448000.0,444500.0,441700.0,438900.0,436400.0,435100.0,436300.0,437200.0,435800.0,434600.0,435800.0,438200.0,441900.0,443700.0,441800.0,438500.0,434000.0,429400.0,428600.0,429500.0,428100.0,427300.0,430500.0,434700.0,437100.0,439600.0,444100.0,447300.0,446300.0,443400.0,441400.0,438600.0,434400.0,428600.0,423100.0,420400.0,420900,418200,412800,409500,407700,407100,407200,411400,416300,418000,416300,416700,416200,416800,420000.0,424200,427700,429600,431300,435700.0,442600.0,450400,460800,470700,477300.0,482100.0,485200.0,486800.0,489300,491400,493300,497600,503100,504800,500000.0,491500,487800,489100,489200,487900,487300,488200,488500,488000
