,population,zipcode,geo_id
376,1403,12917,8600000US12917
1043,250,14874,8600000US14874
1574,17823,11362,8600000US11362
2960,40730,14701,8600000US14701
3493,3310,13754,8600000US13754
4074,526,13313,8600000US13313
8705,31959,10014,8600000US10014
9101,1325,14418,8600000US14418
9981,1874,12729,8600000US12729
10903,0,10279,8600000US10279
11712,3304,11935,8600000US11935
11944,1363,12166,8600000US12166
13206,4752,11715,8600000US11715
14594,908,10527,8600000US10527
16211,3528,12809,8600000US12809
18041,0,10168,8600000US10168
18641,3385,12404,8600000US12404
19487,673,12412,8600000US12412
20727,2438,12167,8600000US12167
20900,19148,11501,8600000US11501
21433,22666,11563,8600000US11563
21495,26034,11553,8600000US11553
21616,2410,12921,8600000US12921
22141,6988,10007,8600000US10007
22161,20702,12208,8600000US12208
22279,1486,12592,8600000US12592
22508,9070,14905,8600000US14905
25479,11299,13617,8600000US13617
25524,16499,10606,8600000US10606
27057,1166,12842,8600000US12842
28158,11323,13323,8600000US13323
28555,4164,13456,8600000US13456
30528,45768,11590,8600000US11590
31343,632,12923,8600000US12923
34345,36915,12866,8600000US12866
34678,2859,12529,8600000US12529
35614,9448,12828,8600000US12828
35887,3326,11954,8600000US11954
36029,786,12732,8600000US12732
36504,181,12742,8600000US12742
39250,3601,12531,8600000US12531
44531,93386,11207,8600000US11207
44892,802,12035,8600000US12035
46163,10901,13619,8600000US13619
46369,31521,10956,8600000US10956
48837,399,13664,8600000US13664
49754,31796,10562,8600000US10562
50290,3,10103,8600000US10103
51081,2315,13363,8600000US13363
51253,1888,13843,8600000US13843
53104,2094,14744,8600000US14744
53221,6489,12222,8600000US12222
55094,12268,14608,8600000US14608
55681,451,13468,8600000US13468
56995,7135,10005,8600000US10005
57640,385,12849,8600000US12849
59235,21482,12304,8600000US12304
59275,482,12760,8600000US12760
61511,929,12022,8600000US12022
63594,882,13665,8600000US13665
64015,1023,10931,8600000US10931
64070,4629,14433,8600000US14433
64174,8176,11559,8600000US11559
65750,83,13845,8600000US13845
68599,1770,12853,8600000US12853
69107,3512,13655,8600000US13655
70357,60745,11717,8600000US11717
71058,22156,13088,8600000US13088
71106,459,12943,8600000US12943
71838,87,13696,8600000US13696
72121,536,12470,8600000US12470
76497,4851,12498,8600000US12498
77558,36296,14624,8600000US14624
77727,1537,14550,8600000US14550
78687,6292,11721,8600000US11721
78744,1494,12548,8600000US12548
80038,7263,11934,8600000US11934
80804,41905,10040,8600000US10040
81259,574,12836,8600000US12836
83819,5117,10594,8600000US10594
84017,4569,12148,8600000US12148
84728,234,14475,8600000US14475
85767,7406,11507,8600000US11507
87170,743,11957,8600000US11957
87374,749,14588,8600000US14588
87858,17729,11021,8600000US11021
89820,494,11962,8600000US11962
90407,23045,10954,8600000US10954
91477,89830,11377,8600000US11377
92007,11946,10514,8600000US10514
92651,6732,14070,8600000US14070
92838,1097,12423,8600000US12423
94612,1073,12087,8600000US12087
96949,108,13436,8600000US13436
98494,2780,11548,8600000US11548
98805,2246,10511,8600000US10511
99543,49,13623,8600000US13623
101032,1701,14504,8600000US14504
102500,77,12841,8600000US12841
102576,14573,11949,8600000US11949
103183,763,12457,8600000US12457
103450,16638,10549,8600000US10549
104351,9822,14011,8600000US14011
104728,10387,14625,8600000US14625
105411,1590,13335,8600000US13335
105649,3882,12027,8600000US12027
107603,13120,10924,8600000US10924
109380,8275,14482,8600000US14482
111322,5201,14036,8600000US14036
111872,8344,11096,8600000US11096
112733,36256,11418,8600000US11418
112794,4429,13460,8600000US13460
113378,4539,10925,8600000US10925
115017,3911,14202,8600000US14202
116061,6309,12158,8600000US12158
118719,265,12975,8600000US12975
119058,2903,14739,8600000US14739
119757,1623,12993,8600000US12993
120137,23593,11427,8600000US11427
120726,23480,14217,8600000US14217
122911,34496,11710,8600000US11710
123276,7524,14464,8600000US14464
124753,3625,13308,8600000US13308
125629,1644,12521,8600000US12521
126433,6602,12428,8600000US12428
126465,26999,10030,8600000US10030
127231,10480,11596,8600000US11596
128793,7896,12159,8600000US12159
129184,42810,12603,8600000US12603
129332,539,10517,8600000US10517
131386,824,13361,8600000US13361
131398,6594,12834,8600000US12834
132027,211,14732,8600000US14732
135123,3418,12075,8600000US12075
135201,5015,13053,8600000US13053
135626,1079,14091,8600000US14091
136154,1398,13801,8600000US13801
136303,28255,14606,8600000US14606
138273,1714,12747,8600000US12747
139439,189,13331,8600000US13331
140114,397,12410,8600000US12410
140299,2338,13736,8600000US13736
140936,627,12810,8600000US12810
142249,3789,13438,8600000US13438
142358,189,12115,8600000US12115
142965,11536,14219,8600000US14219
143248,58519,10473,8600000US10473
143446,1679,12137,8600000US12137
145933,151,14169,8600000US14169
146441,5061,12446,8600000US12446
147594,1674,12451,8600000US12451
147647,25636,12306,8600000US12306
149132,8891,13224,8600000US13224
149198,0,11359,8600000US11359
150124,1487,12565,8600000US12565
151219,19775,14214,8600000US14214
151956,10093,13350,8600000US13350
152558,4401,12833,8600000US12833
153356,5283,14131,8600000US14131
154317,40782,11040,8600000US11040
154375,2274,12817,8600000US12817
155601,6356,13114,8600000US13114
158406,9621,10992,8600000US10992
161733,426,14082,8600000US14082
162989,205,12939,8600000US12939
167500,2380,14817,8600000US14817
168275,5713,14261,8600000US14261
168977,520,11042,8600000US11042
169006,349,14061,8600000US14061
169128,0,10115,8600000US10115
169288,5010,11804,8600000US11804
169708,2607,14865,8600000US14865
170886,184,11430,8600000US11430
172351,39999,14215,8600000US14215
173148,178,12745,8600000US12745
174041,58,13826,8600000US13826
174799,658,13489,8600000US13489
175465,9565,14522,8600000US14522
176494,534,11965,8600000US11965
176633,1157,12913,8600000US12913
178399,11596,13492,8600000US13492
178629,1199,13807,8600000US13807
178686,937,12746,8600000US12746
181359,6596,13856,8600000US13856
181734,10739,10536,8600000US10536
183013,20301,10703,8600000US10703
184505,2180,12776,8600000US12776
185599,5950,10962,8600000US10962
186405,17329,14052,8600000US14052
186835,10980,12188,8600000US12188
187651,1719,14466,8600000US14466
188312,9027,11023,8600000US11023
189428,3176,13691,8600000US13691
192185,1236,12932,8600000US12932
192349,1733,13024,8600000US13024
195050,495,12493,8600000US12493
195941,31192,12020,8600000US12020
196184,1748,14591,8600000US14591
196932,9531,11752,8600000US11752
197708,19088,10302,8600000US10302
199364,17949,11436,8600000US11436
199704,1500,12076,8600000US12076
199899,2348,13812,8600000US13812
199954,725,13470,8600000US13470
202344,2362,14012,8600000US14012
203598,2143,12066,8600000US12066
204492,1685,10162,8600000US10162
204742,1153,13303,8600000US13303
205228,25076,11791,8600000US11791
205664,4931,10532,8600000US10532
205686,14511,12771,8600000US12771
209376,38546,13501,8600000US13501
211031,1574,12814,8600000US12814
212320,6277,12186,8600000US12186
212335,22004,13850,8600000US13850
212886,2381,12918,8600000US12918
213064,1174,13122,8600000US13122
214340,2000,14533,8600000US14533
214701,3487,14757,8600000US14757
215898,300,12749,8600000US12749
215994,50587,14580,8600000US14580
216244,1162,12474,8600000US12474
216358,1771,13808,8600000US13808
217349,1224,14614,8600000US14614
217807,17416,10037,8600000US10037
218379,2653,11509,8600000US11509
218547,32098,11735,8600000US11735
219109,42791,11756,8600000US11756
219389,1369,12959,8600000US12959
222322,4129,14541,8600000US14541
223020,3487,10548,8600000US10548
223428,2670,13783,8600000US13783
224315,7109,13029,8600000US13029
224556,2233,12197,8600000US12197
224826,255,13418,8600000US13418
225616,189,13751,8600000US13751
225978,688,13863,8600000US13863
226212,34821,11379,8600000US11379
227280,101,14039,8600000US14039
227699,2037,12185,8600000US12185
227715,0,10153,8600000US10153
228049,4540,10916,8600000US10916
229586,389,12743,8600000US12743
230118,9616,14895,8600000US14895
230202,1974,10986,8600000US10986
230230,3540,14710,8600000US14710
230636,45141,10028,8600000US10028
230933,5184,13159,8600000US13159
231159,1446,12733,8600000US12733
231550,703,14113,8600000US14113
233159,1668,14880,8600000US14880
233987,1631,13775,8600000US13775
235015,26121,10075,8600000US10075
235567,19931,13204,8600000US13204
235860,38912,11413,8600000US11413
237185,25590,10512,8600000US10512
237705,14707,12801,8600000US12801
237908,2220,12859,8600000US12859
238173,588,14126,8600000US14126
238343,3478,14812,8600000US14812
240243,10875,10522,8600000US10522
241616,23773,12078,8600000US12078
241723,2320,14627,8600000US14627
241759,1595,14028,8600000US14028
241798,1020,12464,8600000US12464
241828,10700,11716,8600000US11716
243939,256,12069,8600000US12069
244628,26148,11414,8600000US11414
244654,6622,11963,8600000US11963
244672,24711,10036,8600000US10036
245905,2289,14747,8600000US14747
246556,3256,12117,8600000US12117
249040,2027,13160,8600000US13160
249747,13999,13815,8600000US13815
250769,751,12434,8600000US12434
252849,90117,11211,8600000US11211
253692,78134,11204,8600000US11204
254991,944,12160,8600000US12160
255161,3497,14719,8600000US14719
257418,19929,10567,8600000US10567
258192,10549,11518,8600000US11518
259815,18958,11754,8600000US11754
259959,23821,11010,8600000US11010
259979,4330,14080,8600000US14080
264757,5456,14871,8600000US14871
265048,968,10597,8600000US10597
266232,1798,12523,8600000US12523
266294,877,13682,8600000US13682
266886,605,14872,8600000US14872
268092,94,12784,8600000US12784
269412,4280,13408,8600000US13408
269919,479,13687,8600000US13687
271257,2029,12577,8600000US12577
272296,201,12987,8600000US12987
272827,15567,13104,8600000US13104
272933,153,14722,8600000US14722
272946,150,13020,8600000US13020
273434,5672,14009,8600000US14009
274296,39506,13021,8600000US13021
274841,1484,12463,8600000US12463
275167,14016,11004,8600000US11004
275644,2540,14724,8600000US14724
275666,4629,13452,8600000US13452
275772,1507,12060,8600000US12060
276122,253,12769,8600000US12769
276192,9918,12571,8600000US12571
276780,8195,10595,8600000US10595
276796,417,12436,8600000US12436
277226,826,13454,8600000US13454
279327,20631,10990,8600000US10990
279633,1711,13618,8600000US13618
280937,6753,14886,8600000US14886
281815,867,12734,8600000US12734
281984,24962,10310,8600000US10310
282610,8690,11565,8600000US11565
282666,62543,11706,8600000US11706
282975,110,12490,8600000US12490
283059,15363,13219,8600000US13219
285304,1748,12935,8600000US12935
285567,836,12032,8600000US12032
286394,5229,10018,8600000US10018
287333,3255,11978,8600000US11978
289580,3037,12919,8600000US12919
289636,1732,14477,8600000US14477
289845,239,14707,8600000US14707
292036,2219,14033,8600000US14033
292201,5172,12522,8600000US12522
292692,2890,12072,8600000US12072
294932,35177,11722,8600000US11722
295459,36,12864,8600000US12864
296743,2258,10976,8600000US10976
298022,3345,11749,8600000US11749
298592,17813,14468,8600000US14468
299169,205,13806,8600000US13806
299488,14498,11702,8600000US11702
299746,2253,12981,8600000US12981
300322,1783,14743,8600000US14743
300327,2854,12567,8600000US12567
300998,1572,12937,8600000US12937
301693,33336,11231,8600000US11231
302750,30574,11572,8600000US11572
304072,51128,11201,8600000US11201
304085,26646,11570,8600000US11570
305743,1833,12516,8600000US12516
306061,6844,11933,8600000US11933
307066,349,11956,8600000US11956
307159,0,11424,8600000US11424
307874,4603,11942,8600000US11942
308201,851,10505,8600000US10505
308624,13393,11239,8600000US11239
309507,31,12024,8600000US12024
309659,16272,11575,8600000US11575
309765,23552,14207,8600000US14207
309906,243,13639,8600000US13639
311275,18775,14760,8600000US14760
312313,86547,10456,8600000US10456
313965,727,13777,8600000US13777
316541,13588,12839,8600000US12839
316977,67053,11233,8600000US11233
319212,443,13314,8600000US13314
319876,120,14585,8600000US14585
320007,28647,10598,8600000US10598
320826,18763,13903,8600000US13903
321919,9579,13904,8600000US13904
322069,4354,13811,8600000US13811
322637,141,10545,8600000US10545
323100,1395,12504,8600000US12504
323389,3342,13167,8600000US13167
324020,8598,14472,8600000US14472
324051,6177,13902,8600000US13902
324668,3969,14042,8600000US14042
325350,1753,12977,8600000US12977
326359,5116,10576,8600000US10576
328356,2268,12094,8600000US12094
330145,40827,10801,8600000US10801
330386,80018,11229,8600000US11229
330699,163,14788,8600000US14788
332461,1916,12121,8600000US12121
333226,9,11973,8600000US11973
333489,0,11371,8600000US11371
333780,271,12042,8600000US12042
333895,1445,12058,8600000US12058
334584,5289,10516,8600000US10516
335310,6218,14132,8600000US14132
335717,17208,10580,8600000US10580
336694,7567,12803,8600000US12803
336834,12337,11577,8600000US11577
336996,34981,11378,8600000US11378
337249,526,12998,8600000US12998
337380,680,12482,8600000US12482
338739,19507,10509,8600000US10509
339271,3975,13803,8600000US13803
341246,33969,10035,8600000US10035
341773,287,13113,8600000US13113
343381,4426,14750,8600000US14750
343805,1378,14869,8600000US14869
344345,1751,14013,8600000US14013
344509,2842,10984,8600000US10984
344799,1054,12751,8600000US12751
346327,24465,14213,8600000US14213
346936,19341,11415,8600000US11415
347037,2028,12928,8600000US12928
348182,3152,10974,8600000US10974
348890,4056,11796,8600000US11796
349797,6460,13316,8600000US13316
351301,91,13641,8600000US13641
351382,1988,12455,8600000US12455
351540,4763,12545,8600000US12545
352017,1079,13319,8600000US13319
352055,3342,14712,8600000US14712
352377,51,13441,8600000US13441
353687,2451,12583,8600000US12583
354022,1666,12093,8600000US12093
355275,2761,14521,8600000US14521
356356,5040,14067,8600000US14067
356640,8189,14892,8600000US14892
356955,34133,11102,8600000US11102
357015,3651,14738,8600000US14738
357821,30425,11422,8600000US11422
359276,38615,11369,8600000US11369
359982,98,13301,8600000US13301
360498,1045,13780,8600000US13780
361395,1166,14753,8600000US14753
361682,314,14742,8600000US14742
363037,2398,14879,8600000US14879
363559,81410,10002,8600000US10002
364599,1595,14478,8600000US14478
364709,40113,11580,8600000US11580
365263,236,13404,8600000US13404
365592,168,13087,8600000US13087
366128,1926,13145,8600000US13145
366147,41047,11367,8600000US11367
367552,9293,10989,8600000US10989
368859,1076,13322,8600000US13322
369764,0,10152,8600000US10152
370433,1591,14129,8600000US14129
371466,211,13678,8600000US13678
376053,42252,11365,8600000US11365
377325,6735,13077,8600000US13077
377376,2269,14806,8600000US14806
377385,2818,12154,8600000US12154
377411,2149,13324,8600000US13324
377413,27606,13210,8600000US13210
378562,59,12438,8600000US12438
379500,1259,12956,8600000US12956
380422,61347,10009,8600000US10009
383223,19168,11428,8600000US11428
383263,11581,14519,8600000US14519
383300,2620,12183,8600000US12183
383772,2725,13424,8600000US13424
384123,7895,11789,8600000US11789
384776,0,10167,8600000US10167
385015,354,12475,8600000US12475
386357,15524,11780,8600000US11780
386425,65,12922,8600000US12922
386627,6988,11363,8600000US11363
389001,8897,13037,8600000US13037
390094,13976,14513,8600000US14513
390509,3641,13491,8600000US13491
393241,19664,12047,8600000US12047
394024,1356,12481,8600000US12481
394749,93,13677,8600000US13677
395215,1321,11972,8600000US11972
397356,2126,10973,8600000US10973
398535,3889,13329,8600000US13329
399800,12635,11766,8600000US11766
399820,1131,13684,8600000US13684
401680,12014,11753,8600000US11753
402299,2357,13658,8600000US13658
403422,1948,12207,8600000US12207
404608,4149,14891,8600000US14891
410702,2338,13110,8600000US13110
411368,609,12861,8600000US12861
411829,1166,14037,8600000US14037
412222,27582,12302,8600000US12302
414288,766,13473,8600000US13473
414652,861,12473,8600000US12473
414862,62008,11210,8600000US11210
414896,2288,14476,8600000US14476
415247,1722,12192,8600000US12192
415308,167,12507,8600000US12507
416126,2539,13746,8600000US13746
416431,5033,14136,8600000US14136
420099,1391,13650,8600000US13650
421310,30165,10704,8600000US10704
421389,1534,13402,8600000US13402
423759,13043,14843,8600000US14843
423948,479,12085,8600000US12085
424364,29857,12303,8600000US12303
424931,16575,10017,8600000US10017
425473,674,12190,8600000US12190
425646,17,12933,8600000US12933
427498,2018,14138,8600000US14138
427589,33048,11510,8600000US11510
428745,13261,11742,8600000US11742
429203,9506,11769,8600000US11769
430663,47226,10950,8600000US10950
430770,8691,14204,8600000US14204
430980,15551,13031,8600000US13031
431244,3754,14823,8600000US14823
432099,987,12130,8600000US12130
432201,4299,11944,8600000US11944
432878,3629,13787,8600000US13787
434442,865,12485,8600000US12485
434583,28967,11417,8600000US11417
436129,63393,10701,8600000US10701
438777,10158,12210,8600000US12210
439243,866,13325,8600000US13325
439417,10753,12566,8600000US12566
439503,1419,13315,8600000US13315
439533,22920,14618,8600000US14618
439657,3442,13825,8600000US13825
440551,3826,14882,8600000US14882
441347,6364,12972,8600000US12972
441728,430,13670,8600000US13670
442244,12435,10803,8600000US10803
442365,0,10271,8600000US10271
442611,2222,13459,8600000US13459
445031,3329,13668,8600000US13668
445085,9041,11797,8600000US11797
445395,4080,12944,8600000US12944
445778,27007,14424,8600000US14424
446550,137,11770,8600000US11770
446702,176,13484,8600000US13484
446774,17568,12189,8600000US12189
446802,13328,11598,8600000US11598
447774,335,12792,8600000US12792
449199,1271,13615,8600000US13615
449786,67094,11746,8600000US11746
450270,1149,13810,8600000US13810
450602,4769,10993,8600000US10993
451327,1361,13490,8600000US13490
452501,1956,14838,8600000US14838
455382,4135,10921,8600000US10921
456474,8680,13036,8600000US13036
460327,1905,14101,8600000US14101
461832,50502,10461,8600000US10461
462108,13243,13209,8600000US13209
463591,310,13472,8600000US13472
464876,41788,11228,8600000US11228
465056,27173,14623,8600000US14623
465531,38158,13601,8600000US13601
467309,39688,11370,8600000US11370
468492,30112,13045,8600000US13045
469091,127,12811,8600000US12811
469497,919,14769,8600000US14769
471430,165,13342,8600000US13342
472953,7085,10994,8600000US10994
476902,1632,12059,8600000US12059
477138,1040,10919,8600000US10919
477402,87757,11234,8600000US11234
478345,12610,14605,8600000US14605
478958,16821,11788,8600000US11788
479252,33439,12901,8600000US12901
479935,8205,13340,8600000US13340
480633,3061,14840,8600000US14840
484643,47621,11224,8600000US11224
484800,38352,10573,8600000US10573
485063,59283,10024,8600000US10024
485543,1039,14860,8600000US14860
485680,3076,14807,8600000US14807
485732,11759,13827,8600000US13827
486280,79132,11235,8600000US11235
486374,24655,11784,8600000US11784
487002,0,10154,8600000US10154
488804,57331,10032,8600000US10032
489275,45100,14120,8600000US14120
490204,35321,11566,8600000US11566
491937,1506,12067,8600000US12067
494934,518,12177,8600000US12177
495146,3532,13480,8600000US13480
495226,1318,14066,8600000US14066
495259,12390,13066,8600000US13066
495903,14870,14063,8600000US14063
497270,175,12165,8600000US12165
497419,2156,14726,8600000US14726
501215,596,13141,8600000US13141
502361,1809,10526,8600000US10526
503923,9105,14467,8600000US14467
506507,7192,14489,8600000US14489
507497,847,13469,8600000US13469
510470,470,12421,8600000US12421
510793,5499,12962,8600000US12962
511219,1649,12759,8600000US12759
512192,1137,13744,8600000US13744
515135,24861,11416,8600000US11416
515475,3589,11719,8600000US11719
516072,1453,14778,8600000US14778
516085,351,12741,8600000US12741
517163,1920,12116,8600000US12116
517295,2520,14813,8600000US14813
518045,11073,14454,8600000US14454
518051,1590,14889,8600000US14889
518692,26583,11967,8600000US11967
519448,29030,11727,8600000US11727
520791,22789,14617,8600000US14617
521597,2249,13673,8600000US13673
523244,28937,12010,8600000US12010
524315,20087,14456,8600000US14456
525225,5137,12143,8600000US12143
525491,736,12873,8600000US12873
527546,2365,14516,8600000US14516
529060,158,12924,8600000US12924
530453,172,12720,8600000US12720
530653,124,12530,8600000US12530
532179,9858,14006,8600000US14006
532325,3109,12520,8600000US12520
533485,19104,13790,8600000US13790
535151,600,12843,8600000US12843
536678,1344,14054,8600000US14054
537313,14749,14619,8600000US14619
537794,10170,10553,8600000US10553
538573,953,12442,8600000US12442
539128,1646,13661,8600000US13661
539387,784,14820,8600000US14820
540396,36,14168,8600000US14168
541939,66631,10469,8600000US10469
542055,3516,12134,8600000US12134
544017,3152,14543,8600000US14543
544344,345,12174,8600000US12174
545336,388,12448,8600000US12448
545489,314,13494,8600000US13494
546761,25307,12533,8600000US12533
547375,497,12444,8600000US12444
547775,1719,13608,8600000US13608
547834,66636,11372,8600000US11372
550672,63488,11215,8600000US11215
552829,20135,10543,8600000US10543
553094,6262,12090,8600000US12090
553289,2164,14560,8600000US14560
555897,8617,13035,8600000US13035
556449,857,12837,8600000US12837
556590,0,10171,8600000US10171
558544,3895,13131,8600000US13131
559019,76103,10468,8600000US10468
560112,16582,13662,8600000US13662
560449,142,12874,8600000US12874
560905,40222,11704,8600000US11704
562600,10088,13642,8600000US13642
563609,39889,14224,8600000US14224
566388,7567,14903,8600000US14903
568168,5716,12305,8600000US12305
568441,75220,11218,8600000US11218
569400,237,14041,8600000US14041
569877,3010,12015,8600000US12015
570154,2285,14058,8600000US14058
572058,2225,14781,8600000US14781
572401,17590,11426,8600000US11426
573516,2312,12780,8600000US12780
574503,5569,14867,8600000US14867
574709,1398,11932,8600000US11932
576056,18949,11733,8600000US11733
576607,2603,12835,8600000US12835
577027,306,12169,8600000US12169
577722,1217,12903,8600000US12903
578533,5848,13753,8600000US13753
578580,8019,14445,8600000US14445
578602,991,13788,8600000US13788
579268,1092,13750,8600000US13750
579827,31847,14086,8600000US14086
582052,1469,13348,8600000US13348
582675,1228,13755,8600000US13755
583979,295,12139,8600000US12139
584750,14046,14222,8600000US14222
585321,516,12965,8600000US12965
586104,18511,11790,8600000US11790
587492,7353,14085,8600000US14085
587889,12604,10530,8600000US10530
587995,8370,11558,8600000US11558
588164,26540,12804,8600000US12804
588550,2196,12023,8600000US12023
589071,20300,10038,8600000US10038
589617,6932,14779,8600000US14779
592967,781,14878,8600000US14878
593079,59129,11434,8600000US11434
593285,0,10311,8600000US10311
593651,160,12161,8600000US12161
595694,28606,11361,8600000US11361
595988,27273,11530,8600000US11530
596202,43600,11374,8600000US11374
599031,396,14173,8600000US14173
599579,6756,10996,8600000US10996
600937,326,13103,8600000US13103
605704,2448,14873,8600000US14873
606679,3181,13667,8600000US13667
606878,403,12819,8600000US12819
608732,5475,14801,8600000US14801
608779,2474,12149,8600000US12149
608802,1236,13796,8600000US13796
609666,793,14839,8600000US14839
610720,1074,12934,8600000US12934
611211,2197,13620,8600000US13620
613140,5981,14303,8600000US14303
613989,5457,13624,8600000US13624
614555,546,12952,8600000US12952
614954,1980,12440,8600000US12440
616257,1132,13485,8600000US13485
616294,5790,10506,8600000US10506
616442,678,14824,8600000US14824
619810,24931,13069,8600000US13069
620698,9464,14001,8600000US14001
620775,8968,11777,8600000US11777
620978,6617,13135,8600000US13135
621843,158,12722,8600000US12722
622527,938,14842,8600000US14842
623005,2742,14034,8600000US14034
623355,894,12824,8600000US12824
624044,6408,10507,8600000US10507
624057,634,12480,8600000US12480
624766,259,12483,8600000US12483
625243,27357,10308,8600000US10308
625359,3806,13743,8600000US13743
626432,1214,14143,8600000US14143
627948,180,12961,8600000US12961
628240,846,13690,8600000US13690
628796,2416,10537,8600000US10537
629026,3305,13417,8600000US13417
629357,8679,10706,8600000US10706
629525,2733,12484,8600000US12484
630661,483,12433,8600000US12433
630741,28032,11729,8600000US11729
631906,124,13124,8600000US13124
632067,2891,12547,8600000US12547
634242,2716,13606,8600000US13606
634443,1223,11739,8600000US11739
634471,1914,13026,8600000US13026
635117,92221,11219,8600000US11219
635128,9454,11740,8600000US11740
635248,416,12108,8600000US12108
639742,14487,14564,8600000US14564
640291,19857,11726,8600000US11726
646744,281,10975,8600000US10975
646924,30124,13090,8600000US13090
646970,3001,12543,8600000US12543
647287,1753,12173,8600000US12173
648616,29952,12203,8600000US12203
649807,60453,10128,8600000US10128
649974,599,12936,8600000US12936
650415,182,13859,8600000US13859
651544,591,14808,8600000US14808
653584,724,13844,8600000US13844
654023,3264,13411,8600000US13411
656098,85871,11355,8600000US11355
656467,14068,11946,8600000US11946
656662,18884,11360,8600000US11360
657006,27232,11104,8600000US11104
657788,30171,11050,8600000US11050
658413,2806,13060,8600000US13060
659429,63767,11213,8600000US11213
660518,3631,13080,8600000US13080
660550,2401,14782,8600000US14782
660701,27,13692,8600000US13692
661550,97,14542,8600000US14542
662549,6175,13108,8600000US13108
664482,24438,12553,8600000US12553
665419,4534,10464,8600000US10464
668243,68853,11209,8600000US11209
669622,1072,12985,8600000US12985
670375,9821,14870,8600000US14870
670409,780,12405,8600000US12405
672110,416,11947,8600000US11947
672535,6371,13865,8600000US13865
673039,21102,10001,8600000US10001
673266,275,14479,8600000US14479
674105,5487,10502,8600000US10502
674187,39553,11801,8600000US11801
674586,522,11970,8600000US11970
675138,277,12725,8600000US12725
675749,67,13847,8600000US13847
676240,59,12858,8600000US12858
676864,11661,10044,8600000US10044
677029,4673,11514,8600000US11514
679229,169,14752,8600000US14752
679453,1189,13464,8600000US13464
680275,150,12812,8600000US12812
681142,43398,12601,8600000US12601
681782,1009,14836,8600000US14836
683109,18787,12477,8600000US12477
684378,36,12911,8600000US12911
685275,2805,13730,8600000US13730
686000,19804,14526,8600000US14526
686378,7823,11557,8600000US11557
686839,697,12187,8600000US12187
688135,11250,10604,8600000US10604
691270,11086,14092,8600000US14092
691700,100820,11373,8600000US11373
691705,173,12407,8600000US12407
694472,432,13861,8600000US13861
694820,8509,12043,8600000US12043
695986,13344,12528,8600000US12528
697095,31924,10022,8600000US10022
697876,509,12517,8600000US12517
698381,3395,10987,8600000US10987
701593,55909,10306,8600000US10306
701997,687,14536,8600000US14536
702570,19850,14830,8600000US14830
703706,520,14816,8600000US14816
704458,60,13362,8600000US13362
706390,60809,11432,8600000US11432
706547,12820,14527,8600000US14527
709814,5818,11971,8600000US11971
710502,25105,11429,8600000US11429
711252,97060,10467,8600000US10467
712251,4518,12790,8600000US12790
713380,277,12416,8600000US12416
713428,2963,12074,8600000US12074
713928,320,14783,8600000US14783
713953,1952,12168,8600000US12168
714610,113,12040,8600000US12040
714907,78895,11221,8600000US11221
716708,929,12950,8600000US12950
717335,1835,12057,8600000US12057
718246,497,12411,8600000US12411
718692,1898,13063,8600000US13063
720206,17962,11030,8600000US11030
720841,3104,14716,8600000US14716
722745,1977,12155,8600000US12155
722954,17045,10603,8600000US10603
723855,42571,14609,8600000US14609
728554,198,12176,8600000US12176
729121,66358,10472,8600000US10472
729177,13897,13207,8600000US13207
729670,2250,13797,8600000US13797
731807,15335,12308,8600000US12308
731911,67970,10463,8600000US10463
732353,1117,14109,8600000US14109
733149,1726,12957,8600000US12957
733245,1049,13321,8600000US13321
733686,26339,10541,8600000US10541
735045,7221,12754,8600000US12754
735297,2672,14471,8600000US14471
735489,28127,11803,8600000US11803
735527,2144,13495,8600000US13495
736105,23616,11552,8600000US11552
737974,1467,14008,8600000US14008
742049,78309,10453,8600000US10453
744638,2148,12910,8600000US12910
745462,460,13437,8600000US13437
746051,602,13672,8600000US13672
746340,29150,11725,8600000US11725
750547,919,14825,8600000US14825
750997,13383,10980,8600000US10980
752626,3663,12865,8600000US12865
752763,15072,14048,8600000US14048
752913,7148,12184,8600000US12184
753248,584,12045,8600000US12045
754294,1634,12496,8600000US12496
755561,9392,14031,8600000US14031
755712,939,11959,8600000US11959
756797,498,12857,8600000US12857
757268,305,13846,8600000US13846
757476,19533,14051,8600000US14051
758749,2086,12996,8600000US12996
759649,29961,14127,8600000US14127
760699,1745,14818,8600000US14818
760995,28534,14616,8600000US14616
762170,12540,12586,8600000US12586
762351,1986,11941,8600000US11941
764203,8153,13732,8600000US13732
764749,1351,14507,8600000US14507
766664,16646,13676,8600000US13676
766757,0,11351,8600000US11351
767762,22431,14216,8600000US14216
767828,6200,12822,8600000US12822
771331,2356,13042,8600000US13042
771531,1668,12783,8600000US12783
773386,663,13155,8600000US13155
773713,339,12422,8600000US12422
774322,1838,12789,8600000US12789
775050,101572,11226,8600000US11226
778197,57311,10460,8600000US10460
778888,98592,11385,8600000US11385
779228,12356,14810,8600000US14810
780504,1559,10922,8600000US10922
780571,224,12927,8600000US12927
781599,2297,12775,8600000US12775
782724,243,13364,8600000US13364
786072,25120,10710,8600000US10710
789131,695,13842,8600000US13842
789851,151,14774,8600000US14774
793595,499,12147,8600000US12147
795976,635,11958,8600000US11958
800782,30041,14626,8600000US14626
800861,646,12942,8600000US12942
802206,9988,10510,8600000US10510
802544,81677,11206,8600000US11206
803317,3540,13471,8600000US13471
804644,1964,14427,8600000US14427
806674,0,10020,8600000US10020
807289,7349,12204,8600000US12204
809757,28,13475,8600000US13475
809880,14578,12538,8600000US12538
810079,2069,13431,8600000US13431
812019,24235,11776,8600000US11776
812950,4189,13862,8600000US13862
813512,1092,13635,8600000US13635
815611,1031,14728,8600000US14728
816824,4244,13132,8600000US13132
818890,1381,12431,8600000US12431
820365,1162,13731,8600000US13731
820963,737,11765,8600000US11765
822479,1572,12472,8600000US12472
825295,1431,14740,8600000US14740
825381,42193,10304,8600000US10304
827521,9628,12202,8600000US12202
828109,0,10174,8600000US10174
828121,94469,11208,8600000US11208
828420,1405,13839,8600000US13839
828431,655,14462,8600000US14462
828564,24742,14043,8600000US14043
829829,54316,11216,8600000US11216
829865,695,13157,8600000US13157
831866,12834,11961,8600000US11961
832757,7338,12564,8600000US12564
833216,563,12064,8600000US12064
833930,436,12852,8600000US12852
834678,639,12456,8600000US12456
835201,2393,13076,8600000US13076
835960,270,12071,8600000US12071
836428,7699,12570,8600000US12570
837159,1267,10969,8600000US10969
838894,18057,14559,8600000US14559
839286,4990,11980,8600000US11980
840694,13779,10941,8600000US10941
841054,5882,14108,8600000US14108
843013,2208,12926,8600000US12926
843267,948,14729,8600000US14729
845910,1044,12914,8600000US12914
846352,28506,11763,8600000US11763
847040,3817,14416,8600000US14416
847460,230,14721,8600000US14721
848292,6211,14569,8600000US14569
848571,9,10199,8600000US10199
850099,7802,12540,8600000US12540
851302,1029,14859,8600000US14859
851321,297,12454,8600000US12454
851708,0,13290,8600000US13290
852604,88630,11214,8600000US11214
854390,3782,14125,8600000US14125
856107,54447,12550,8600000US12550
860189,271,13640,8600000US13640
860484,79492,10458,8600000US10458
863775,3938,12929,8600000US12929
868446,4421,10524,8600000US10524
870965,10256,14586,8600000US14586
872570,1989,13034,8600000US13034
873145,6824,10607,8600000US10607
873548,4079,11697,8600000US11697
876385,256,13483,8600000US13483
877031,173,13062,8600000US13062
877798,1024,12785,8600000US12785
878207,3039,12546,8600000US12546
879067,102,13341,8600000US13341
879434,47211,11419,8600000US11419
881352,492,12432,8600000US12432
881369,638,12945,8600000US12945
882484,69,13647,8600000US13647
882968,134,13695,8600000US13695
883219,1700,13111,8600000US13111
883827,974,14555,8600000US14555
883934,1325,14506,8600000US14506
884140,56829,11225,8600000US11225
884342,53555,14221,8600000US14221
886450,16029,13203,8600000US13203
887448,14740,12019,8600000US12019
887838,20857,14228,8600000US14228
887917,963,12970,8600000US12970
888191,1523,12486,8600000US12486
888917,1886,12740,8600000US12740
889598,366,12453,8600000US12453
889930,241,13410,8600000US13410
890926,915,14841,8600000US14841
891089,3291,10958,8600000US10958
893484,1815,13652,8600000US13652
894044,2,10911,8600000US10911
894257,6451,13142,8600000US13142
894849,2537,14775,8600000US14775
895419,59048,10977,8600000US10977
895594,3314,14821,8600000US14821
897412,793,11547,8600000US11547
897772,277,12460,8600000US12460
898025,5870,12518,8600000US12518
900533,161,12964,8600000US12964
902338,14712,11730,8600000US11730
904763,2135,12916,8600000US12916
905116,16597,10538,8600000US10538
905374,2056,13327,8600000US13327
905712,0,10111,8600000US10111
906054,22540,10591,8600000US10591
907615,15245,13215,8600000US13215
908674,2,10165,8600000US10165
909005,953,13739,8600000US13739
909344,942,12763,8600000US12763
909364,104,13450,8600000US13450
909921,16452,13669,8600000US13669
910157,326,12435,8600000US12435
910321,187,12856,8600000US12856
912202,61,13138,8600000US13138
912335,497,14511,8600000US14511
914038,8675,10579,8600000US10579
915192,667,14777,8600000US14777
915392,38132,11554,8600000US11554
917932,3220,11724,8600000US11724
920599,15398,11937,8600000US11937
920965,481,12041,8600000US12041
921819,437,12766,8600000US12766
922120,56024,10003,8600000US10003
922202,1169,14822,8600000US14822
923265,2,10173,8600000US10173
923421,31426,14534,8600000US14534
924310,24090,10012,8600000US10012
924453,33802,14621,8600000US14621
924967,22611,14211,8600000US14211
925035,885,12585,8600000US12585
925587,1880,13616,8600000US13616
927472,119,13134,8600000US13134
929173,329,12574,8600000US12574
929293,2842,12920,8600000US12920
930199,12280,10528,8600000US10528
930730,733,14819,8600000US14819
931808,260,12976,8600000US12976
933198,192,14881,8600000US14881
933796,1292,12489,8600000US12489
937525,366,12851,8600000US12851
938805,50666,14094,8600000US14094
940408,20453,14845,8600000US14845
940532,956,14855,8600000US14855
941731,3877,12827,8600000US12827
943500,3800,13795,8600000US13795
944328,13200,11764,8600000US11764
944515,6048,14568,8600000US14568
945439,27700,10013,8600000US10013
946552,105,13794,8600000US13794
946752,1549,12515,8600000US12515
947366,7647,10547,8600000US10547
948026,3168,12138,8600000US12138
949276,365,12164,8600000US12164
950842,12790,13032,8600000US13032
952412,10741,13165,8600000US13165
956480,12704,14004,8600000US14004
956888,18556,11411,8600000US11411
958159,16443,13206,8600000US13206
958737,10201,12549,8600000US12549
959053,873,14885,8600000US14885
959329,6440,14047,8600000US14047
963747,28026,13905,8600000US13905
964796,36934,11222,8600000US11222
965586,2852,13612,8600000US13612
966037,3086,14561,8600000US14561
966303,1479,14804,8600000US14804
966480,1663,14167,8600000US14167
967221,62,13333,8600000US13333
967379,41356,11003,8600000US11003
967761,4409,13838,8600000US13838
968930,35881,11217,8600000US11217
970577,4409,13084,8600000US13084
970748,29189,11720,8600000US11720
971810,5216,13733,8600000US13733
973868,33385,14225,8600000US14225
974112,325,14441,8600000US14441
975816,2125,14139,8600000US14139
975923,7070,12051,8600000US12051
976053,5610,13166,8600000US13166
976596,8793,13214,8600000US13214
977006,39706,10301,8600000US10301
978037,224,13115,8600000US13115
978377,19803,11747,8600000US11747
978435,23465,10901,8600000US10901
978785,2938,12514,8600000US12514
979087,792,14846,8600000US14846
979104,108,10503,8600000US10503
979664,650,13621,8600000US13621
980227,8554,10920,8600000US10920
981324,4551,13849,8600000US13849
981744,7853,10280,8600000US10280
982353,15293,10470,8600000US10470
983205,31834,10010,8600000US10010
985089,23438,11356,8600000US11356
985256,1373,12125,8600000US12125
986057,220,13628,8600000US13628
987753,27655,11741,8600000US11741
988176,34003,10026,8600000US10026
988691,2328,13120,8600000US13120
989388,3833,14733,8600000US14733
994288,4252,14737,8600000US14737
994731,725,13406,8600000US13406
995410,4972,12887,8600000US12887
997209,11647,10918,8600000US10918
997616,9826,12569,8600000US12569
998077,33257,13502,8600000US13502
998185,408,11975,8600000US11975
998534,56438,10031,8600000US10031
999213,8116,14057,8600000US14057
999281,21288,11783,8600000US11783
999436,0,10177,8600000US10177
1000255,84500,11212,8600000US11212
1000919,58,10985,8600000US10985
1001173,6735,13346,8600000US13346
1001339,4871,13082,8600000US13082
1001406,414,10914,8600000US10914
1001632,8096,14428,8600000US14428
1001911,529,13841,8600000US13841
1002734,5210,11940,8600000US11940
1002889,12108,14622,8600000US14622
1003161,12065,11545,8600000US11545
1003809,613,12120,8600000US12120
1003830,213,12452,8600000US12452
1004527,27109,11701,8600000US11701
1004907,127,12512,8600000US12512
1004998,3285,11955,8600000US11955
1005505,306,12808,8600000US12808
1006705,77,13415,8600000US13415
1007537,980,14897,8600000US14897
1007703,1675,12491,8600000US12491
1008967,1873,14741,8600000US14741
1010873,9050,12061,8600000US12061
1012677,13897,12118,8600000US12118
1012776,4491,13637,8600000US13637
1013392,215,12471,8600000US12471
1014596,338,12132,8600000US12132
1016105,5651,14551,8600000US14551
1016311,34882,11412,8600000US11412
1018315,1266,13420,8600000US13420
1019526,91,14549,8600000US14549
1020438,7930,12018,8600000US12018
1021408,1891,13660,8600000US13660
1021541,4084,12871,8600000US12871
1022383,37280,11561,8600000US11561
1023397,242,12752,8600000US12752
1024680,114,12441,8600000US12441
1025338,11324,12701,8600000US12701
1025748,26883,11001,8600000US11001
1027738,1802,12764,8600000US12764
1029058,755,13782,8600000US13782
1029519,748,12860,8600000US12860
1029667,59304,10312,8600000US10312
1030448,1398,11569,8600000US11569
1030495,56435,11550,8600000US11550
1030578,107,14302,8600000US14302
1033681,608,12838,8600000US12838
1033771,1010,12989,8600000US12989
1036975,1635,13428,8600000US13428
1037004,14733,12182,8600000US12182
1038817,848,12156,8600000US12156
1040185,6669,11709,8600000US11709
1040207,4602,12885,8600000US12885
1040637,2460,12779,8600000US12779
1040911,2552,14809,8600000US14809
1041093,265,14130,8600000US14130
1041973,5726,14432,8600000US14432
1043401,252,10953,8600000US10953
1043543,60,12007,8600000US12007
1043650,2374,13409,8600000US13409
1044008,7989,14032,8600000US14032
1044931,1826,12723,8600000US12723
1045352,3784,13317,8600000US13317
1046708,22658,11714,8600000US11714
1047077,1113,12029,8600000US12029
1047141,16918,12054,8600000US12054
1048159,16099,14615,8600000US14615
1048189,1100,14805,8600000US14805
1048693,1507,13694,8600000US13694
1051705,11916,11693,8600000US11693
1052254,29987,11423,8600000US11423
1053677,10691,14502,8600000US14502
1053709,22665,14223,8600000US14223
1054207,187,12750,8600000US12750
1054517,2915,12966,8600000US12966
1054760,719,12878,8600000US12878
1056195,183,14708,8600000US14708
1056571,53926,10033,8600000US10033
1057061,37,14854,8600000US14854
1057651,9292,10709,8600000US10709
1058224,7987,10504,8600000US10504
1059971,6389,14514,8600000US14514
1061513,5648,14837,8600000US14837
1061755,42870,10019,8600000US10019
1062208,385,13162,8600000US13162
1063899,6382,13118,8600000US13118
1064148,4135,14802,8600000US14802
1065090,19773,13901,8600000US13901
1067181,28265,11232,8600000US11232
1067186,7926,14209,8600000US14209
1069113,22922,10471,8600000US10471
1069361,4267,14485,8600000US14485
1070366,3083,13461,8600000US13461
1071625,151,11931,8600000US11931
1071766,98,13488,8600000US13488
1072627,2211,13646,8600000US13646
1072713,1304,12980,8600000US12980
1073208,43341,11520,8600000US11520
1073281,2163,14718,8600000US14718
1074079,674,14026,8600000US14026
1074997,709,13832,8600000US13832
1076524,12817,14301,8600000US14301
1077296,4721,14512,8600000US14512
1078413,293,13305,8600000US13305
1079246,3268,12487,8600000US12487
1079716,1169,13081,8600000US13081
1080102,0,10112,8600000US10112
1083748,333,13360,8600000US13360
1084835,250,12424,8600000US12424
1088323,2088,14767,8600000US14767
1088736,20844,11581,8600000US11581
1088740,38777,10705,8600000US10705
1089026,7941,13152,8600000US13152
1089194,1970,13425,8600000US13425
1090241,11910,10927,8600000US10927
1091222,6767,10590,8600000US10590
1091682,722,12419,8600000US12419
1092119,1853,13679,8600000US13679
1092375,27633,11542,8600000US11542
1093069,3367,12449,8600000US12449
1093788,35102,12590,8600000US12590
1093808,273,14884,8600000US14884
1094361,435,12017,8600000US12017
1095501,1684,13304,8600000US13304
1095533,19786,10552,8600000US10552
1097073,3352,14111,8600000US14111
1098470,6627,12721,8600000US12721
1098628,19880,12508,8600000US12508
1098700,125,14035,8600000US14035
1099599,126,13674,8600000US13674
1099886,1123,11948,8600000US11948
1100672,245,12724,8600000US12724
1101314,115,12131,8600000US12131
1101598,1307,14864,8600000US14864
1102033,823,12406,8600000US12406
1102061,53804,11758,8600000US11758
1102085,2468,14422,8600000US14422
1102399,3032,13476,8600000US13476
1104674,29267,14226,8600000US14226
1105097,871,12815,8600000US12815
1105920,4842,12845,8600000US12845
1107640,25141,14620,8600000US14620
1109107,32519,10309,8600000US10309
1109376,1743,14604,8600000US14604
1109812,296,12770,8600000US12770
1110858,2246,12581,8600000US12581
1112050,23426,14227,8600000US14227
1113484,8958,10930,8600000US10930
1114352,1118,13368,8600000US13368
1114968,1454,14894,8600000US14894
1115673,43631,10021,8600000US10021
1117202,38917,10952,8600000US10952
1117334,718,13802,8600000US13802
1118747,11549,14201,8600000US14201
1118887,1565,11976,8600000US11976
1119656,634,12930,8600000US12930
1120788,25484,11101,8600000US11101
1121606,161,12459,8600000US12459
1121694,391,13804,8600000US13804
1122979,1023,13071,8600000US13071
1123481,16269,14904,8600000US14904
1123985,10641,14212,8600000US14212
1124093,2606,13092,8600000US13092
1124412,316,10519,8600000US10519
1125490,3200,14172,8600000US14172
1126432,444,12063,8600000US12063
1126734,40366,11205,8600000US11205
1126855,30389,14304,8600000US14304
1128365,242,14539,8600000US14539
1128564,633,12778,8600000US12778
1129267,320,12738,8600000US12738
1129682,1968,10917,8600000US10917
1130080,29343,12309,8600000US12309
1132693,2726,13613,8600000US13613
1132984,215,14856,8600000US14856
1135540,946,14815,8600000US14815
1135895,17537,13039,8600000US13039
1137561,1599,12974,8600000US12974
1138390,8084,12563,8600000US12563
1138852,39150,11357,8600000US11357
1139285,20356,13212,8600000US13212
1142187,464,13786,8600000US13786
1142771,11415,14437,8600000US14437
1144424,85510,10314,8600000US10314
1146448,94600,10025,8600000US10025
1146486,110,14756,8600000US14756
1147071,3984,13634,8600000US13634
1148781,5575,14530,8600000US14530
1150126,67,14529,8600000US14529
1150542,12281,10474,8600000US10474
1152755,14791,10965,8600000US10965
1155905,14125,13421,8600000US13421
1156080,14491,14411,8600000US14411
1156858,126,12767,8600000US12767
1156991,266,13666,8600000US13666
1157084,817,12046,8600000US12046
1158098,0,11425,8600000US11425
1160520,6356,14706,8600000US14706
1164358,8906,13365,8600000US13365
1164527,1806,11005,8600000US11005
1164713,75784,10462,8600000US10462
1165628,403,12978,8600000US12978
1165978,45700,11757,8600000US11757
1166210,5561,13326,8600000US13326
1166785,119,10915,8600000US10915
1169271,5438,13202,8600000US13202
1169410,708,12151,8600000US12151
1169543,1404,14861,8600000US14861
1169983,681,10578,8600000US10578
1170097,651,12513,8600000US12513
1170625,7494,12983,8600000US12983
1171340,1610,13302,8600000US13302
1173208,2310,12056,8600000US12056
1173917,1207,12719,8600000US12719
1174443,4799,14423,8600000US14423
1175533,6344,11786,8600000US11786
1176282,35772,11787,8600000US11787
1176634,1986,14005,8600000US14005
1178268,4737,10560,8600000US10560
1179217,1929,12958,8600000US12958
1179647,7903,12198,8600000US12198
1180079,4275,12594,8600000US12594
1180821,5453,13407,8600000US13407
1181096,6025,14487,8600000US14487
1181595,26977,12205,8600000US12205
1182211,38982,10583,8600000US10583
1184320,8933,14059,8600000US14059
1185584,6,14893,8600000US14893
1185740,5081,14572,8600000US14572
1186570,2747,14715,8600000US14715
1186670,8002,11024,8600000US11024
1187617,27172,11901,8600000US11901
1190194,1131,12768,8600000US12768
1190450,423,12969,8600000US12969
1190715,17638,11738,8600000US11738
1190903,1244,13680,8600000US13680
1191856,1033,14784,8600000US14784
1192241,68733,11375,8600000US11375
1192434,3103,11718,8600000US11718
1192926,4431,14532,8600000US14532
1193621,2916,14755,8600000US14755
1194653,132,14415,8600000US14415
1197165,1998,12912,8600000US12912
1198060,5948,13778,8600000US13778
1198078,1820,14481,8600000US14481
1200525,32687,11433,8600000US11433
1200914,7854,14589,8600000US14589
1201333,512,12762,8600000US12762
1201498,2,10170,8600000US10170
1202551,2424,13648,8600000US13648
1202778,4587,12053,8600000US12053
1205336,4249,14548,8600000US14548
1205901,32298,11793,8600000US11793
1206893,5055,11579,8600000US11579
1207566,1405,14055,8600000US14055
1208373,3011,10006,8600000US10006
1208928,30184,11731,8600000US11731
1209090,9866,13078,8600000US13078
1209854,17228,12589,8600000US12589
1210428,5794,14174,8600000US14174
1211779,177,13345,8600000US13345
1213691,581,12417,8600000US12417
1213693,59707,10027,8600000US10027
1215413,2338,13164,8600000US13164
1215489,41104,14450,8600000US14450
1220014,1525,13630,8600000US13630
1220215,32270,10065,8600000US10065
1220937,357,13614,8600000US13614
1221305,2755,14853,8600000US14853
1223049,3430,11732,8600000US11732
1225400,1734,14898,8600000US14898
1227728,14992,13057,8600000US13057
1228386,790,13337,8600000US13337
1228615,228,12036,8600000US12036
1229168,2883,14517,8600000US14517
1229762,8732,10923,8600000US10923
1230767,926,11939,8600000US11939
1230975,15836,12953,8600000US12953
1230996,4566,14105,8600000US14105
1232421,20374,14072,8600000US14072
1232858,1576,14731,8600000US14731
1233318,22360,11762,8600000US11762
1233773,48418,10940,8600000US10940
1234584,17416,12831,8600000US12831
1235631,905,13355,8600000US13355
1236205,187,12973,8600000US12973
1238348,93877,11236,8600000US11236
1238898,37205,13126,8600000US13126
1239089,1931,14814,8600000US14814
1239483,3122,10998,8600000US10998
1239707,1164,12502,8600000US12502
1240233,109931,11368,8600000US11368
1240353,5505,12025,8600000US12025
1240383,39127,11421,8600000US11421
1240781,4582,12122,8600000US12122
1240934,6552,10577,8600000US10577
1242016,833,14480,8600000US14480
1243849,2000,13156,8600000US13156
1243949,44264,13760,8600000US13760
1245100,8030,11705,8600000US11705
1245615,85,13102,8600000US13102
1245824,16736,14901,8600000US14901
1249080,4777,13605,8600000US13605
1250833,307,12781,8600000US12781
1251083,15093,10960,8600000US10960
1252367,2922,11549,8600000US11549
1253494,118,13834,8600000US13834
1255562,1040,13061,8600000US13061
1257940,613,13756,8600000US13756
1258210,452,12787,8600000US12787
1258726,7728,14141,8600000US14141
1260072,24227,14220,8600000US14220
1261800,345,13633,8600000US13633
1262739,3686,12526,8600000US12526
1263961,3201,12068,8600000US12068
1264100,331,13312,8600000US13312
1264280,593,13659,8600000US13659
1264337,5199,10069,8600000US10069
1265136,636,14717,8600000US14717
1265921,69,12089,8600000US12089
1270722,14233,14610,8600000US14610
1271228,1658,13343,8600000US13343
1271475,1036,12468,8600000US12468
1271854,35040,12401,8600000US12401
1272560,1809,13083,8600000US13083
1274026,314,13123,8600000US13123
1275263,119,14135,8600000US14135
1275586,188,13117,8600000US13117
1276053,53687,11435,8600000US11435
1276059,11096,13357,8600000US13357
1276471,782,13752,8600000US13752
1278162,16223,14607,8600000US14607
1280474,487,14714,8600000US14714
1280525,49262,11238,8600000US11238
1282736,7556,11516,8600000US11516
1283124,23306,14020,8600000US14020
1283988,513,13776,8600000US13776
1285135,6120,12986,8600000US12986
1286081,815,13486,8600000US13486
1287215,31,12872,8600000US12872
1287321,38421,11779,8600000US11779
1288627,17396,14611,8600000US14611
1288687,764,12777,8600000US12777
1290050,3342,13354,8600000US13354
1292794,2018,13320,8600000US13320
1292860,86408,11230,8600000US11230
1293310,1509,12870,8600000US12870
1296017,259,12855,8600000US12855
1296349,1973,13112,8600000US13112
1296968,2287,13734,8600000US13734
1297229,282,14736,8600000US14736
1297366,3298,12846,8600000US12846
1298006,18126,10605,8600000US10605
1298186,0,10169,8600000US10169
1298995,76003,10029,8600000US10029
1299394,42230,11743,8600000US11743
1301191,1277,10546,8600000US10546
1303472,2398,14847,8600000US14847
1305490,41937,14075,8600000US14075
1306088,14961,11751,8600000US11751
1306868,65,13352,8600000US13352
1307180,8830,13367,8600000US13367
1307981,2750,12821,8600000US12821
1308131,1702,12140,8600000US12140
1309338,1688,14024,8600000US14024
1310859,265,12495,8600000US12495
1311542,10401,11713,8600000US11713
1311641,153,13051,8600000US13051
1313062,339,13163,8600000US13163
1314459,20408,11694,8600000US11694
1315558,737,12791,8600000US12791
1318457,2193,12106,8600000US12106
1318675,1123,13072,8600000US13072
1322357,1174,14803,8600000US14803
1323856,844,14069,8600000US14069
1324680,308,14486,8600000US14486
1325855,3556,13033,8600000US13033
1326119,4945,12170,8600000US12170
1326949,10750,13148,8600000US13148
1328017,3203,10926,8600000US10926
1328018,4488,13140,8600000US13140
1328189,1822,13607,8600000US13607
1328706,10007,11771,8600000US11771
1328820,4298,10963,8600000US10963
1329732,401,14877,8600000US14877
1330608,26030,11795,8600000US11795
1330617,4255,14772,8600000US14772
1331657,5532,10983,8600000US10983
1331874,60035,11691,8600000US11691
1332808,36688,11105,8600000US11105
1336617,533,12863,8600000US12863
1338376,13680,11951,8600000US11951
1340767,17867,12534,8600000US12534
1341219,1858,11964,8600000US11964
1342223,6191,12582,8600000US12582
1343081,7164,12009,8600000US12009
1343415,60,10932,8600000US10932
1345604,3892,13030,8600000US13030
1345676,8475,10589,8600000US10589
1345706,14694,14210,8600000US14210
1345818,2070,13493,8600000US13493
1346231,1194,12430,8600000US12430
1346262,797,12175,8600000US12175
1346982,4637,11952,8600000US11952
1347177,34555,11364,8600000US11364
1348299,2101,14544,8600000US14544
1348419,2016,12193,8600000US12193
1351935,38908,10034,8600000US10034
1352816,41676,14150,8600000US14150
1355176,6246,12077,8600000US12077
1355602,1865,12086,8600000US12086
1355877,3165,11794,8600000US11794
1356021,5914,11020,8600000US11020
1356235,606,12124,8600000US12124
1357765,5446,14590,8600000US14590
1357841,2461,13654,8600000US13654
1358897,207,12194,8600000US12194
1360007,16268,11950,8600000US11950
1361255,363,12420,8600000US12420
1362062,42230,10465,8600000US10465
1362577,977,13813,8600000US13813
1363256,147,12527,8600000US12527
1369877,31637,13027,8600000US13027
1370083,63886,14850,8600000US14850
1370700,443,14060,8600000US14060
1371706,41776,12065,8600000US12065
1372128,9123,12572,8600000US12572
1374124,2304,12979,8600000US12979
1374542,1267,13328,8600000US13328
1374650,6941,13339,8600000US13339
1376491,1374,13334,8600000US13334
1377326,7322,10533,8600000US10533
1378283,12709,11778,8600000US11778
1378525,271,12492,8600000US12492
1381190,2835,12850,8600000US12850
1381197,804,12136,8600000US12136
1381247,4255,13833,8600000US13833
1381854,2272,13685,8600000US13685
1381902,18540,11692,8600000US11692
1382717,3031,12196,8600000US12196
1383774,497,12008,8600000US12008
1384616,534,13136,8600000US13136
1384671,675,14720,8600000US14720
1386290,3795,12083,8600000US12083
1386652,7444,10523,8600000US10523
1387463,40931,10475,8600000US10475
1388000,7372,13403,8600000US13403
1388267,24527,10039,8600000US10039
1388491,39665,10455,8600000US10455
1389047,3950,13439,8600000US13439
1390622,4555,11568,8600000US11568
1391212,3039,14025,8600000US14025
1393079,2758,13040,8600000US13040
1394239,3083,13478,8600000US13478
1399655,2861,13656,8600000US13656
1403715,1325,13318,8600000US13318
1404232,15347,11798,8600000US11798
1404377,13532,11366,8600000US11366
1405189,92,10119,8600000US10119
1406738,38780,11103,8600000US11103
1407272,37337,10454,8600000US10454
1408077,2865,14525,8600000US14525
1408134,60998,10023,8600000US10023
1409712,76174,11203,8600000US11203
1409930,12680,10570,8600000US10570
1410516,1295,14723,8600000US14723
1411130,2471,12466,8600000US12466
1411968,16415,11703,8600000US11703
1413665,10510,12414,8600000US12414
1415340,12810,10520,8600000US10520
1417260,16135,13413,8600000US13413
1419667,1910,12737,8600000US12737
1419823,1598,14858,8600000US14858
1420120,2077,14171,8600000US14171
1420786,1618,14145,8600000US14145
1420790,2217,14040,8600000US14040
1420957,127,13651,8600000US13651
1421422,1350,13028,8600000US13028
1423585,94,13860,8600000US13860
1424068,1281,13147,8600000US13147
1424178,1219,10501,8600000US10501
1425876,1511,13835,8600000US13835
1426142,4061,12157,8600000US12157
1426604,173,14545,8600000US14545
1427103,3311,12525,8600000US12525
1427726,34515,14612,8600000US14612
1431722,20751,14206,8600000US14206
1431764,191,14827,8600000US14827
1435152,1766,14711,8600000US14711
1437005,1149,13864,8600000US13864
1437186,21,10910,8600000US10910
1437890,2216,14826,8600000US14826
1437903,5121,14787,8600000US14787
1440957,26337,10303,8600000US10303
1441371,17,12862,8600000US12862
1441636,104,14134,8600000US14134
1443620,6464,11560,8600000US11560
1443874,281,12429,8600000US12429
1446819,18308,12561,8600000US12561
1448224,53606,12180,8600000US12180
1449579,7142,14414,8600000US14414
1449955,2457,12501,8600000US12501
1451980,19039,14218,8600000US14218
1452156,54183,10016,8600000US10016
1452769,378,13638,8600000US13638
1453134,10705,13041,8600000US13041
1453385,4783,10282,8600000US10282
1454555,2873,13143,8600000US13143
1454893,9993,10970,8600000US10970
1456055,45713,10451,8600000US10451
1457931,5450,14727,8600000US14727
1459162,78731,11223,8600000US11223
1459426,16898,14305,8600000US14305
1460291,486,12884,8600000US12884
1460750,8016,14470,8600000US14470
1461067,5368,13068,8600000US13068
1461851,54878,11354,8600000US11354
1463880,1807,14030,8600000US14030
1464293,503,13693,8600000US13693
1465586,1820,13433,8600000US13433
1466145,586,12604,8600000US12604
1466928,896,10988,8600000US10988
1467648,1045,13757,8600000US13757
1468846,1176,14571,8600000US14571
1469941,4610,12816,8600000US12816
1470263,2508,13101,8600000US13101
1470544,7106,12832,8600000US12832
1470955,1679,13052,8600000US13052
1472103,667,14754,8600000US14754
1472599,3232,12458,8600000US12458
1473311,2512,13044,8600000US13044
1475619,4271,12084,8600000US12084
1475692,86,13353,8600000US13353
1478062,914,12150,8600000US12150
1478347,1776,12062,8600000US12062
1480131,236,6390,8600000US06390
1480152,5532,10913,8600000US10913
1481043,1268,10518,8600000US10518
1483466,14530,11767,8600000US11767
1485259,13553,11953,8600000US11953
1485761,37144,10550,8600000US10550
1488952,44354,11420,8600000US11420
1488989,2286,14170,8600000US14170
1489519,4695,14546,8600000US14546
1489623,2411,12578,8600000US12578
1489759,99598,11220,8600000US11220
1489787,2948,12413,8600000US12413
1490492,21908,12110,8600000US12110
1490703,175,12031,8600000US12031
1492188,0,11451,8600000US11451
1492672,21902,11768,8600000US11768
1495106,2076,12748,8600000US12748
1495373,399,13153,8600000US13153
1495537,2432,13622,8600000US13622
1495902,11376,10601,8600000US10601
1496709,2282,10588,8600000US10588
1496964,2443,13146,8600000US13146
1497184,4402,12580,8600000US12580
1497828,201,13774,8600000US13774
1498473,1535,14709,8600000US14709
1498624,1148,12960,8600000US12960
1499067,12606,12095,8600000US12095
1499591,305,12439,8600000US12439
1499772,1618,14203,8600000US14203
1499795,11183,14103,8600000US14103
1500104,2353,10968,8600000US10968
1500170,0,10110,8600000US10110
1502132,6220,14469,8600000US14469
1504026,576,12427,8600000US12427
1504444,1304,12092,8600000US12092
1505292,1172,12028,8600000US12028
1506012,5393,14505,8600000US14505
1506014,64,13064,8600000US13064
1507279,5889,13309,8600000US13309
1509513,207,14537,8600000US14537
1510556,3329,14062,8600000US14062
1510694,11303,12211,8600000US12211
1511060,12387,11755,8600000US11755
1511883,1517,13809,8600000US13809
1512164,38875,11106,8600000US11106
1513966,1531,13144,8600000US13144
1514280,2267,13626,8600000US13626
1514663,172,13784,8600000US13784
1517520,1281,14102,8600000US14102
1517610,1855,13158,8600000US13158
1518731,19,13643,8600000US13643
1519298,2941,14435,8600000US14435
1519565,804,12409,8600000US12409
1520808,0,10278,8600000US10278
1521757,1582,13054,8600000US13054
1521864,199,12844,8600000US12844
1522406,2271,13416,8600000US13416
1522563,2258,12575,8600000US12575
1522581,42986,13440,8600000US13440
1525534,5025,12883,8600000US12883
1530595,605,12847,8600000US12847
1530753,381,12955,8600000US12955
1530768,537,12418,8600000US12418
1531286,8523,11792,8600000US11792
1531643,3457,13116,8600000US13116
1531763,677,12469,8600000US12469
1532804,1729,10596,8600000US10596
1533489,4015,12037,8600000US12037
1533844,4488,13074,8600000US13074
1534273,110,14592,8600000US14592
1534691,50984,10011,8600000US10011
1539645,1452,13477,8600000US13477
1541721,266,12465,8600000US12465
1542115,238,12823,8600000US12823
1542900,6517,13211,8600000US13211
1543027,70496,10457,8600000US10457
1543640,1896,14065,8600000US14065
1545369,1162,12726,8600000US12726
1545919,7150,14068,8600000US14068
1546608,2467,11977,8600000US11977
1547093,5913,12542,8600000US12542
1547776,286,13435,8600000US13435
1547840,118,12736,8600000US12736
1549042,10097,10707,8600000US10707
1549310,21225,10708,8600000US10708
1549980,15814,11782,8600000US11782
1551745,3089,10004,8600000US10004
1553534,3523,11109,8600000US11109
1553793,160,13675,8600000US13675
1554015,7692,12307,8600000US12307
1555291,4895,14510,8600000US14510
1555474,624,13310,8600000US13310
1556921,67813,10466,8600000US10466
1557051,2751,14735,8600000US14735
1557354,44837,11772,8600000US11772
1557648,11125,14208,8600000US14208
1558377,1634,12461,8600000US12461
1558475,5492,12946,8600000US12946
1558531,1568,12052,8600000US12052
1561888,41749,10305,8600000US10305
1565106,6423,13073,8600000US13073
1565898,20555,12144,8600000US12144
1566571,20467,14420,8600000US14420
1567922,75371,10452,8600000US10452
1569581,47308,10459,8600000US10459
1573182,234,10979,8600000US10979
1573221,14096,10307,8600000US10307
1573522,1472,10964,8600000US10964
1576238,0,10172,8600000US10172
1576809,183,12450,8600000US12450
1579794,1206,13338,8600000US13338
1579857,22854,13208,8600000US13208
1580233,18414,10805,8600000US10805
1580456,1428,12941,8600000US12941
1582649,5042,13830,8600000US13830
1584654,1868,13625,8600000US13625
1584879,3825,12443,8600000US12443
1585435,4778,12992,8600000US12992
1585559,16395,12206,8600000US12206
1585964,665,12786,8600000US12786
1586450,2908,12788,8600000US12788
1586933,405,12172,8600000US12172
1588360,10121,12209,8600000US12209
1589707,1239,12997,8600000US12997
1590157,14730,14613,8600000US14613
1590425,1223,12967,8600000US12967
1591643,3095,14081,8600000US14081
1591761,2281,13697,8600000US13697
1591980,154,12195,8600000US12195
1592123,2460,13332,8600000US13332
1592173,764,12494,8600000US12494
1592244,49896,11237,8600000US11237
1592834,22455,13820,8600000US13820
1593587,4042,12758,8600000US12758
1595378,554,13740,8600000US13740
1596039,37546,11358,8600000US11358
1596729,85,14112,8600000US14112
1597701,269,12886,8600000US12886
1597915,2958,14098,8600000US14098
1599785,4136,14883,8600000US14883
1602265,1343,11930,8600000US11930
1602530,746,14748,8600000US14748
1604003,3881,13602,8600000US13602
1604765,12366,11576,8600000US11576
1606586,14146,10804,8600000US10804
1607248,11593,11968,8600000US11968
1607338,775,12503,8600000US12503
1607394,555,10535,8600000US10535
1607972,3800,13748,8600000US13748
1609103,897,13681,8600000US13681
1609166,473,10933,8600000US10933
1609823,2963,14770,8600000US14770
1610224,5124,12123,8600000US12123
1610338,1410,12070,8600000US12070
1610922,4175,10928,8600000US10928
1612089,23570,10566,8600000US10566
1613135,15598,12524,8600000US12524
1614245,10717,14425,8600000US14425
1615524,814,12153,8600000US12153
1615676,282,13636,8600000US13636
1616124,885,12765,8600000US12765
1617459,19201,13205,8600000US13205
1618929,9760,13603,8600000US13603
1619455,1084,11960,8600000US11960
1620851,7851,12033,8600000US12033
1621903,17,11556,8600000US11556
