,zip,latitude,longitude
0,501,40.81,-73.04
1,544,40.81,-73.04
2277,6390,41.27,-71.99
3690,10001,40.75,-74.0
3691,10002,40.71,-73.99
3692,10003,40.73,-73.99
3693,10004,40.69,-74.02
3694,10005,40.71,-74.01
3695,10006,40.71,-74.01
3696,10007,40.71,-74.01
3697,10008,40.71,-73.99
3698,10009,40.73,-73.98
3699,10010,40.74,-73.98
3700,10011,40.74,-74.0
3701,10012,40.73,-74.0
3702,10013,40.72,-74.0
3703,10014,40.73,-74.01
3704,10015,40.71,-74.0
3705,10016,40.75,-73.98
3706,10017,40.75,-73.97
3707,10018,40.76,-73.99
3708,10019,40.77,-73.99
3709,10020,40.76,-73.98
3710,10021,40.77,-73.96
3711,10022,40.76,-73.97
3712,10023,40.78,-73.98
3713,10024,40.8,-73.97
3714,10025,40.8,-73.97
3715,10026,40.8,-73.95
3716,10027,40.81,-73.95
3717,10028,40.78,-73.95
3718,10029,40.79,-73.94
3719,10030,40.82,-73.94
3720,10031,40.83,-73.95
3721,10032,40.84,-73.94
3722,10033,40.85,-73.93
3723,10034,40.87,-73.92
3724,10035,40.8,-73.93
3725,10036,40.76,-73.99
3726,10037,40.81,-73.94
3727,10038,40.71,-74.0
3728,10039,40.83,-73.94
3729,10040,40.86,-73.93
3730,10041,40.71,-73.99
3731,10043,40.71,-73.99
3732,10044,40.76,-73.95
3733,10045,40.71,-73.99
3734,10046,40.71,-74.01
3735,10047,40.71,-74.01
3736,10048,40.71,-74.01
3737,10055,40.71,-73.99
3738,10060,40.71,-73.99
3739,10065,40.76,-73.96
3740,10069,40.78,-73.99
3741,10072,40.75,-73.99
3742,10075,40.77,-73.95
3743,10079,40.71,-74.0
3744,10080,40.71,-73.99
3745,10081,40.71,-73.99
3746,10082,40.77,-73.98
3747,10087,40.71,-73.99
3748,10090,40.71,-73.99
3749,10094,40.71,-74.0
3750,10095,40.71,-73.99
3751,10096,40.71,-74.0
3752,10098,40.75,-73.99
3753,10099,40.71,-74.0
3754,10101,40.71,-73.99
3755,10102,40.71,-73.99
3756,10103,40.76,-73.98
3757,10104,40.71,-73.99
3758,10105,40.71,-73.99
3759,10106,40.71,-73.99
3760,10107,40.71,-73.99
3761,10108,40.71,-73.99
3762,10109,40.71,-73.99
3763,10110,40.75,-73.98
3764,10111,40.76,-73.98
3765,10112,40.76,-73.98
3766,10113,40.71,-73.99
3767,10114,40.71,-73.99
3768,10115,40.81,-73.96
3769,10116,40.71,-73.99
3770,10117,40.71,-73.99
3771,10118,40.71,-73.99
3772,10119,40.75,-73.99
3773,10120,40.71,-73.99
3774,10121,40.71,-73.99
3775,10122,40.71,-73.99
3776,10123,40.71,-73.99
3777,10124,40.71,-73.99
3778,10125,40.71,-73.99
3779,10126,40.71,-73.99
3780,10128,40.78,-73.95
3781,10129,40.71,-73.99
3782,10130,40.71,-73.99
3783,10131,40.71,-73.99
3784,10132,40.71,-73.99
3785,10133,40.71,-73.99
3786,10138,40.71,-73.99
3787,10149,40.76,-73.98
3788,10150,40.71,-73.99
3789,10151,40.71,-73.99
3790,10152,40.76,-73.97
3791,10153,40.76,-73.97
3792,10154,40.76,-73.97
3793,10155,40.71,-73.99
3794,10156,40.71,-73.99
3795,10157,40.71,-73.99
3796,10158,40.71,-73.99
3797,10159,40.71,-73.99
3798,10160,40.71,-73.99
3799,10161,40.71,-73.99
3800,10162,40.77,-73.95
3801,10163,40.71,-73.99
3802,10164,40.71,-73.99
3803,10165,40.75,-73.98
3804,10166,40.71,-73.99
3805,10167,40.75,-73.97
3806,10168,40.75,-73.98
3807,10169,40.75,-73.98
3808,10170,40.75,-73.98
3809,10171,40.76,-73.97
3810,10172,40.76,-73.97
3811,10173,40.75,-73.98
3812,10174,40.75,-73.98
3813,10175,40.71,-73.99
3814,10176,40.71,-73.99
3815,10177,40.76,-73.98
3816,10178,40.71,-73.99
3817,10179,40.71,-73.99
3818,10184,40.71,-74.0
3819,10185,40.71,-73.99
3820,10196,40.71,-74.0
3821,10197,40.71,-74.0
3822,10199,40.75,-74.0
3823,10200,40.77,-73.95
3824,10203,40.71,-73.99
3825,10211,40.71,-73.99
3826,10212,40.71,-73.99
3827,10213,40.71,-73.99
3828,10242,40.71,-73.99
3829,10249,40.71,-73.99
3830,10256,40.71,-73.99
3831,10257,40.71,-73.99
3832,10258,40.71,-73.99
3833,10259,40.71,-73.99
3834,10260,40.71,-73.99
3835,10261,40.71,-73.99
3836,10265,40.71,-73.99
3837,10268,40.71,-73.99
3838,10269,40.71,-73.99
3839,10270,40.71,-73.99
3840,10271,40.71,-74.01
3841,10272,40.71,-73.99
3842,10273,40.71,-73.99
3843,10274,40.71,-73.99
3844,10275,40.71,-73.99
3845,10276,40.71,-73.99
3846,10277,40.71,-73.99
3847,10278,40.72,-74.0
3848,10279,40.71,-74.01
3849,10280,40.71,-74.02
3850,10281,40.71,-73.99
3851,10282,40.72,-74.02
3852,10285,40.71,-73.99
3853,10286,40.71,-73.99
3854,10292,40.71,-73.99
3855,10301,40.63,-74.09
3856,10302,40.63,-74.14
3857,10303,40.63,-74.17
3858,10304,40.61,-74.09
3859,10305,40.6,-74.07
3860,10306,40.58,-74.14
3861,10307,40.51,-74.24
3862,10308,40.55,-74.15
3863,10309,40.53,-74.22
3864,10310,40.63,-74.12
3865,10311,40.61,-74.18
3866,10312,40.55,-74.18
3867,10313,40.58,-74.14
3868,10314,40.6,-74.17
3869,10451,40.82,-73.93
3870,10452,40.84,-73.92
3871,10453,40.85,-73.91
3872,10454,40.81,-73.92
3873,10455,40.81,-73.91
3874,10456,40.83,-73.91
3875,10457,40.85,-73.9
3876,10458,40.86,-73.89
3877,10459,40.83,-73.89
3878,10460,40.84,-73.87
3879,10461,40.85,-73.84
3880,10462,40.84,-73.86
3881,10463,40.88,-73.91
3882,10464,40.87,-73.8
3883,10465,40.82,-73.83
3884,10466,40.89,-73.85
3885,10467,40.87,-73.87
3886,10468,40.87,-73.9
3887,10469,40.87,-73.85
3888,10470,40.89,-73.87
3889,10471,40.9,-73.9
3890,10472,40.83,-73.87
3891,10473,40.82,-73.86
3892,10474,40.81,-73.88
3893,10475,40.88,-73.82
3894,10499,40.84,-73.87
3895,10501,41.3,-73.76
3896,10502,41.01,-73.84
3897,10503,41.03,-73.88
3898,10504,41.13,-73.71
3899,10505,41.34,-73.75
3900,10506,41.19,-73.64
3901,10507,41.22,-73.69
3902,10509,41.39,-73.61
3903,10510,41.13,-73.84
3904,10511,41.26,-73.94
3905,10512,41.41,-73.68
3906,10514,41.17,-73.77
3907,10516,41.41,-73.95
3908,10517,41.3,-73.86
3909,10518,41.26,-73.59
3910,10519,41.35,-73.65
3911,10520,41.22,-73.89
3912,10521,41.22,-73.89
3913,10522,41.01,-73.86
3914,10523,41.06,-73.82
3915,10524,41.37,-73.92
3916,10526,41.29,-73.67
3917,10527,41.32,-73.77
3918,10528,40.97,-73.73
3919,10530,41.02,-73.8
3920,10532,41.1,-73.79
3921,10533,41.03,-73.86
3922,10535,41.34,-73.79
3923,10536,41.26,-73.68
3924,10537,41.34,-73.88
3925,10538,40.92,-73.75
3926,10540,41.3,-73.71
3927,10541,41.36,-73.74
3928,10542,41.36,-73.73
3929,10543,40.95,-73.74
3930,10545,41.18,-73.84
3931,10546,41.2,-73.8
3932,10547,41.31,-73.84
3933,10548,41.24,-73.94
3934,10549,41.2,-73.73
3935,10550,40.91,-73.84
3936,10551,40.91,-73.82
3937,10552,40.92,-73.83
3938,10553,40.91,-73.82
3939,10557,40.9,-73.82
3940,10558,40.9,-73.82
3941,10560,41.33,-73.59
3942,10562,41.15,-73.87
3943,10566,41.28,-73.92
3944,10567,41.3,-73.89
3945,10570,41.13,-73.78
3946,10571,41.13,-73.79
3947,10572,41.13,-73.79
3948,10573,41.02,-73.68
3949,10576,41.21,-73.57
3950,10577,41.03,-73.71
3951,10578,41.32,-73.68
3952,10579,41.34,-73.87
3953,10580,40.98,-73.69
3954,10583,40.98,-73.77
3955,10587,41.3,-73.71
3956,10588,41.34,-73.82
3957,10589,41.33,-73.69
3958,10590,41.25,-73.54
3959,10591,41.06,-73.86
3960,10594,41.11,-73.77
3961,10595,41.07,-73.77
3962,10596,41.26,-73.96
3963,10597,41.29,-73.6
3964,10598,41.27,-73.78
3965,10601,41.03,-73.77
3966,10602,41.02,-73.75
3967,10603,41.05,-73.78
3968,10604,41.05,-73.74
3969,10605,41.02,-73.75
3970,10606,41.02,-73.78
3971,10607,41.04,-73.81
3972,10610,41.02,-73.75
3973,10701,40.94,-73.86
3974,10702,40.94,-73.86
3975,10703,40.96,-73.88
3976,10704,40.92,-73.86
3977,10705,40.92,-73.89
3978,10706,40.98,-73.87
3979,10707,40.96,-73.82
3980,10708,40.94,-73.83
3981,10709,40.95,-73.8
3982,10710,40.97,-73.85
3983,10801,40.92,-73.77
3984,10802,40.92,-73.77
3985,10803,40.9,-73.81
3986,10804,40.94,-73.78
3987,10805,40.9,-73.78
3988,10901,41.11,-74.14
3989,10910,41.28,-74.14
3990,10911,41.32,-74.01
3991,10912,41.25,-74.34
3992,10913,41.07,-73.95
3993,10914,41.42,-74.2
3994,10915,41.55,-74.36
3995,10916,41.44,-74.25
3996,10917,41.32,-74.12
3997,10918,41.35,-74.27
3998,10919,41.52,-74.38
3999,10920,41.14,-73.94
4000,10921,41.33,-74.35
4001,10922,41.33,-74.0
4002,10923,41.2,-74.0
4003,10924,41.4,-74.32
4004,10925,41.22,-74.28
4005,10926,41.3,-74.14
4006,10927,41.18,-73.95
4007,10928,41.35,-74.0
4008,10930,41.35,-74.12
4009,10931,41.12,-74.17
4010,10932,41.48,-74.46
4011,10933,41.37,-74.51
4012,10940,41.44,-74.42
4013,10941,41.49,-74.34
4014,10943,41.44,-74.42
4015,10949,41.33,-74.19
4016,10950,41.32,-74.18
4017,10952,41.11,-74.08
4018,10953,41.4,-74.08
4019,10954,41.09,-74.01
4020,10956,41.15,-73.99
4021,10958,41.34,-74.45
4022,10959,41.26,-74.36
4023,10960,41.09,-73.92
4024,10962,41.05,-73.94
4025,10963,41.47,-74.53
4026,10964,41.02,-73.91
4027,10965,41.06,-74.0
4028,10968,41.04,-73.92
4029,10969,41.29,-74.49
4030,10970,41.18,-74.05
4031,10973,41.37,-74.49
4032,10974,41.16,-74.19
4033,10975,41.25,-74.17
4034,10976,41.02,-73.93
4035,10977,41.12,-74.05
4036,10979,41.18,-74.31
4037,10980,41.22,-73.99
4038,10981,41.32,-74.27
4039,10982,41.11,-74.1
4040,10983,41.02,-73.95
4041,10984,41.2,-74.01
4042,10985,41.58,-74.37
4043,10986,41.27,-73.98
4044,10987,41.2,-74.2
4045,10988,41.3,-74.56
4046,10989,41.11,-73.94
4047,10990,41.25,-74.35
4048,10992,41.42,-74.15
4049,10993,41.21,-73.97
4050,10994,41.09,-73.96
4051,10996,41.39,-73.97
4052,10997,41.36,-74.02
4053,10998,41.32,-74.54
4054,11001,40.72,-73.7
4055,11002,40.72,-73.7
4056,11003,40.7,-73.7
4057,11004,40.74,-73.71
4058,11005,40.76,-73.71
4059,11010,40.7,-73.67
4060,11020,40.77,-73.71
4061,11021,40.78,-73.73
4062,11022,40.8,-73.73
4063,11023,40.8,-73.73
4064,11024,40.82,-73.74
4065,11025,40.8,-73.72
4066,11026,40.8,-73.73
4067,11027,40.8,-73.73
4068,11030,40.79,-73.69
4069,11040,40.73,-73.68
4070,11041,40.73,-73.68
4071,11042,40.76,-73.7
4072,11043,40.73,-73.68
4073,11044,40.73,-73.68
4074,11050,40.82,-73.68
4075,11051,40.82,-73.68
4076,11052,40.82,-73.68
4077,11053,40.82,-73.68
4078,11054,40.82,-73.68
4079,11055,40.82,-73.68
4080,11096,40.62,-73.75
4081,11099,40.73,-73.68
4082,11101,40.74,-73.93
4083,11102,40.77,-73.93
4084,11103,40.76,-73.91
4085,11104,40.74,-73.92
4086,11105,40.78,-73.91
4087,11106,40.76,-73.93
4088,11109,40.75,-73.96
4089,11120,40.74,-73.93
4090,11201,40.69,-73.99
4091,11202,40.64,-73.94
4092,11203,40.64,-73.94
4093,11204,40.62,-73.98
4094,11205,40.69,-73.97
4095,11206,40.7,-73.94
4096,11207,40.67,-73.89
4097,11208,40.67,-73.87
4098,11209,40.62,-74.03
4099,11210,40.63,-73.95
4100,11211,40.71,-73.95
4101,11212,40.66,-73.91
4102,11213,40.67,-73.94
4103,11214,40.6,-74.0
4104,11215,40.66,-73.99
4105,11216,40.68,-73.95
4106,11217,40.68,-73.98
4107,11218,40.64,-73.98
4108,11219,40.63,-74.0
4109,11220,40.64,-74.02
4110,11221,40.69,-73.93
4111,11222,40.73,-73.95
4112,11223,40.6,-73.97
4113,11224,40.58,-73.99
4114,11225,40.66,-73.95
4115,11226,40.65,-73.96
4116,11228,40.62,-74.01
4117,11229,40.6,-73.94
4118,11230,40.62,-73.97
4119,11231,40.68,-74.01
4120,11232,40.66,-74.01
4121,11233,40.68,-73.92
4122,11234,40.61,-73.91
4123,11235,40.58,-73.95
4124,11236,40.64,-73.9
4125,11237,40.7,-73.92
4126,11238,40.68,-73.96
4127,11239,40.65,-73.88
4128,11240,40.69,-73.98
4129,11241,40.64,-73.94
4130,11242,40.64,-73.94
4131,11243,40.64,-73.94
4132,11244,40.68,-73.99
4133,11245,40.64,-73.94
4134,11247,40.64,-73.94
4135,11248,40.69,-73.99
4136,11249,40.64,-73.94
4137,11251,40.64,-73.94
4138,11252,40.64,-73.94
4139,11254,40.69,-73.99
4140,11255,40.69,-73.98
4141,11256,40.64,-73.94
4142,11351,40.78,-73.83
4143,11352,40.77,-73.84
4144,11354,40.77,-73.84
4145,11355,40.75,-73.82
4146,11356,40.78,-73.84
4147,11357,40.79,-73.81
4148,11358,40.76,-73.8
4149,11359,40.79,-73.78
4150,11360,40.78,-73.78
4151,11361,40.76,-73.77
4152,11362,40.76,-73.74
4153,11363,40.77,-73.75
4154,11364,40.75,-73.76
4155,11365,40.74,-73.79
4156,11366,40.73,-73.79
4157,11367,40.73,-73.83
4158,11368,40.74,-73.85
4159,11369,40.76,-73.88
4160,11370,40.77,-73.89
4161,11371,40.77,-73.87
4162,11372,40.75,-73.88
4163,11373,40.74,-73.88
4164,11374,40.72,-73.86
4165,11375,40.72,-73.84
4166,11377,40.74,-73.9
4167,11378,40.72,-73.9
4168,11379,40.71,-73.88
4169,11380,40.72,-73.87
4170,11381,40.77,-73.84
4171,11385,40.7,-73.89
4172,11386,40.7,-73.89
4173,11390,40.77,-73.84
4174,11405,40.68,-73.78
4175,11411,40.69,-73.73
4176,11412,40.69,-73.75
4177,11413,40.66,-73.75
4178,11414,40.66,-73.84
4179,11415,40.71,-73.83
4180,11416,40.68,-73.85
4181,11417,40.68,-73.84
4182,11418,40.7,-73.84
4183,11419,40.69,-73.82
4184,11420,40.67,-73.81
4185,11421,40.69,-73.85
4186,11422,40.66,-73.73
4187,11423,40.71,-73.76
4188,11424,40.71,-73.83
4189,11425,40.61,-74.02
4190,11426,40.74,-73.72
4191,11427,40.73,-73.75
4192,11428,40.72,-73.74
4193,11429,40.71,-73.74
4194,11430,40.65,-73.79
4195,11431,40.68,-73.78
4196,11432,40.72,-73.79
4197,11433,40.7,-73.79
4198,11434,40.68,-73.78
4199,11435,40.7,-73.81
4200,11436,40.68,-73.8
4201,11439,40.68,-73.78
4202,11451,40.7,-73.8
4203,11499,40.68,-73.78
4204,11501,40.75,-73.64
4205,11507,40.77,-73.64
4206,11509,40.59,-73.73
4207,11510,40.66,-73.61
4208,11514,40.75,-73.61
4209,11516,40.63,-73.73
4210,11518,40.64,-73.66
4211,11520,40.65,-73.58
4212,11530,40.72,-73.64
4213,11531,40.72,-73.64
4214,11535,40.72,-73.64
4215,11536,40.67,-73.7
4216,11542,40.86,-73.63
4217,11545,40.84,-73.61
4218,11547,40.83,-73.64
4219,11548,40.81,-73.63
4220,11549,40.72,-73.6
4221,11550,40.7,-73.61
4222,11551,40.7,-73.61
4223,11552,40.69,-73.65
4224,11553,40.7,-73.59
4225,11554,40.71,-73.55
4226,11555,40.7,-73.59
4227,11556,40.72,-73.58
4228,11557,40.64,-73.69
4229,11558,40.6,-73.64
4230,11559,40.6,-73.71
4231,11560,40.88,-73.58
4232,11561,40.59,-73.65
4233,11563,40.65,-73.67
4234,11565,40.67,-73.67
4235,11566,40.65,-73.55
4236,11568,40.78,-73.59
4237,11569,40.59,-73.58
4238,11570,40.66,-73.63
4239,11571,40.66,-73.63
4240,11572,40.63,-73.63
4241,11575,40.68,-73.58
4242,11576,40.8,-73.65
4243,11577,40.78,-73.64
4244,11579,40.84,-73.64
4245,11580,40.66,-73.7
4246,11581,40.65,-73.72
4247,11582,40.66,-73.7
4248,11590,40.75,-73.58
4249,11592,40.75,-73.57
4250,11594,40.75,-73.58
4251,11595,40.75,-73.58
4252,11596,40.76,-73.64
4253,11597,40.75,-73.58
4254,11598,40.63,-73.72
4255,11599,40.72,-73.64
4256,11690,40.59,-73.81
4257,11691,40.6,-73.76
4258,11692,40.59,-73.79
4259,11693,40.59,-73.81
4260,11694,40.58,-73.84
4261,11695,40.59,-73.81
4262,11697,40.56,-73.91
4263,11701,40.66,-73.41
4264,11702,40.69,-73.32
4265,11703,40.73,-73.32
4266,11704,40.71,-73.35
4267,11705,40.74,-73.05
4268,11706,40.72,-73.25
4269,11707,40.71,-73.35
4270,11708,40.68,-73.41
4271,11709,40.9,-73.56
4272,11710,40.65,-73.52
4273,11713,40.75,-72.94
4274,11714,40.74,-73.48
4275,11715,40.75,-73.03
4276,11716,40.77,-73.12
4277,11717,40.78,-73.24
4278,11718,40.71,-73.26
4279,11719,40.78,-72.91
4280,11720,40.87,-73.08
4281,11721,40.9,-73.37
4282,11722,40.78,-73.19
4283,11724,40.86,-73.44
4284,11725,40.84,-73.28
4285,11726,40.67,-73.39
4286,11727,40.87,-73.0
4287,11729,40.76,-73.32
4288,11730,40.72,-73.18
4289,11731,40.87,-73.32
4290,11732,40.84,-73.54
4291,11733,40.93,-73.1
4292,11735,40.73,-73.44
4293,11736,40.73,-73.44
4294,11737,40.73,-73.44
4295,11738,40.84,-73.04
4296,11739,40.73,-73.16
4297,11740,40.86,-73.36
4298,11741,40.79,-73.07
4299,11742,40.81,-73.04
4300,11743,40.87,-73.4
4301,11746,40.84,-73.4
4302,11747,40.78,-73.41
4303,11749,40.8,-73.17
4304,11750,40.83,-73.37
4305,11751,40.73,-73.21
4306,11752,40.76,-73.17
4307,11753,40.78,-73.54
4308,11754,40.89,-73.24
4309,11755,40.85,-73.11
4310,11756,40.72,-73.51
4311,11757,40.68,-73.37
4312,11758,40.66,-73.47
4313,11760,40.82,-73.21
4314,11762,40.68,-73.45
4315,11763,40.82,-72.98
4316,11764,40.93,-72.98
4317,11765,40.88,-73.55
4318,11766,40.93,-73.01
4319,11767,40.84,-73.15
4320,11768,40.9,-73.34
4321,11769,40.73,-73.13
4322,11770,40.65,-73.16
4323,11771,40.86,-73.53
4324,11772,40.76,-73.01
4325,11773,40.81,-73.5
4326,11774,40.73,-73.44
4327,11775,40.78,-73.41
4328,11776,40.92,-73.06
4329,11777,40.94,-73.05
4330,11778,40.92,-72.92
4331,11779,40.8,-73.12
4332,11780,40.87,-73.15
4333,11782,40.74,-73.08
4334,11783,40.66,-73.49
4335,11784,40.86,-73.04
4336,11786,40.95,-72.9
4337,11787,40.85,-73.21
4338,11788,40.82,-73.21
4339,11789,40.96,-72.97
4340,11790,40.9,-73.12
4341,11791,40.81,-73.5
4342,11792,40.94,-72.81
4343,11793,40.66,-73.51
4344,11794,40.91,-73.12
4345,11795,40.7,-73.29
4346,11796,40.72,-73.1
4347,11797,40.81,-73.47
4348,11798,40.74,-73.37
4349,11801,40.76,-73.52
4350,11802,40.76,-73.52
4351,11803,40.78,-73.47
4352,11804,40.75,-73.45
4353,11815,40.76,-73.52
4354,11819,40.76,-73.52
4355,11853,40.78,-73.54
4356,11854,40.76,-73.52
4357,11855,40.76,-73.52
4358,11901,40.94,-72.67
4359,11930,40.99,-72.1
4360,11931,40.93,-72.61
4361,11932,40.94,-72.29
4362,11933,40.92,-72.76
4363,11934,40.79,-72.79
4364,11935,41.01,-72.48
4365,11937,40.95,-72.19
4366,11939,41.12,-72.34
4367,11940,40.81,-72.76
4368,11941,40.83,-72.73
4369,11942,40.85,-72.57
4370,11944,41.1,-72.36
4371,11946,40.86,-72.52
4372,11947,40.95,-72.57
4373,11948,40.97,-72.55
4374,11949,40.85,-72.79
4375,11950,40.8,-72.84
4376,11951,40.76,-72.84
4377,11952,41.0,-72.53
4378,11953,40.88,-72.94
4379,11954,41.04,-71.94
4380,11955,40.8,-72.82
4381,11956,40.99,-72.48
4382,11957,41.14,-72.3
4383,11958,41.03,-72.46
4384,11959,40.83,-72.6
4385,11960,40.81,-72.71
4386,11961,40.91,-72.88
4387,11962,40.92,-72.27
4388,11963,40.99,-72.29
4389,11964,41.06,-72.32
4390,11965,41.1,-72.29
4391,11967,40.79,-72.87
4392,11968,40.88,-72.39
4393,11969,40.88,-72.39
4394,11970,40.94,-72.58
4395,11971,41.05,-72.42
4396,11972,40.85,-72.7
4397,11973,40.86,-72.87
4398,11975,40.94,-72.24
4399,11976,40.92,-72.34
4400,11977,40.83,-72.68
4401,11978,40.83,-72.65
4402,11980,40.83,-72.92
4403,12007,42.46,-73.93
4404,12008,42.85,-73.91
4405,12009,42.7,-74.03
4406,12010,42.94,-74.19
4407,12015,42.26,-73.81
4408,12016,42.87,-74.35
4409,12017,42.32,-73.47
4410,12018,42.63,-73.55
4411,12019,42.92,-73.84
4412,12020,43.0,-73.85
4413,12022,42.66,-73.33
4414,12023,42.62,-74.13
4415,12024,42.48,-73.54
4416,12025,43.05,-74.19
4417,12027,42.91,-73.9
4418,12028,42.96,-73.45
4419,12029,42.41,-73.41
4420,12031,42.77,-74.45
4421,12032,43.12,-74.53
4422,12033,42.53,-73.7
4423,12035,42.73,-74.36
4424,12036,42.54,-74.67
4425,12037,42.36,-73.59
4426,12040,42.64,-73.35
4427,12041,42.58,-73.95
4428,12042,42.42,-73.94
4429,12043,42.67,-74.48
4430,12045,42.48,-73.8
4431,12046,42.48,-73.92
4432,12047,42.77,-73.7
4433,12050,42.32,-73.76
4434,12051,42.35,-73.8
4435,12052,42.76,-73.47
4436,12053,42.74,-74.18
4437,12054,42.62,-73.83
4438,12055,42.43,-74.19
4439,12056,42.76,-74.13
4440,12057,42.94,-73.39
4441,12058,42.35,-73.9
4442,12059,42.61,-74.05
4443,12060,42.42,-73.48
4444,12061,42.59,-73.7
4445,12062,42.53,-73.5
4446,12063,42.57,-73.64
4447,12064,42.61,-74.67
4448,12065,42.85,-73.8
4449,12066,42.76,-74.25
4450,12067,42.57,-73.88
4451,12068,42.96,-74.4
4452,12069,42.95,-74.28
4453,12070,42.99,-74.26
4454,12071,42.55,-74.42
4455,12072,42.94,-74.37
4456,12073,42.66,-74.21
4457,12074,43.01,-74.03
4458,12075,42.3,-73.64
4459,12076,42.39,-74.39
4460,12077,42.59,-73.78
4461,12078,43.05,-74.34
4462,12082,42.76,-73.43
4463,12083,42.41,-74.02
4464,12084,42.69,-73.89
4465,12085,42.7,-73.96
4466,12086,42.97,-74.15
4467,12087,42.42,-73.88
4468,12089,42.87,-73.31
4469,12090,42.9,-73.35
4470,12092,42.7,-74.37
4471,12093,42.48,-74.61
4472,12094,42.88,-73.49
4473,12095,43.0,-74.37
4474,12106,42.39,-73.7
4475,12107,42.67,-74.11
4476,12108,43.55,-74.43
4477,12110,42.74,-73.74
4478,12115,42.48,-73.58
4479,12116,42.53,-74.88
4480,12117,43.1,-74.26
4481,12118,42.9,-73.69
4482,12120,42.45,-74.14
4483,12121,42.85,-73.6
4484,12122,42.59,-74.32
4485,12123,42.51,-73.61
4486,12124,42.45,-73.79
4487,12125,42.46,-73.39
4488,12128,42.7,-73.76
4489,12130,42.44,-73.66
4490,12131,42.46,-74.46
4491,12132,42.47,-73.63
4492,12133,42.88,-73.34
4493,12134,43.22,-74.17
4494,12136,42.42,-73.56
4495,12137,42.84,-74.13
4496,12138,42.72,-73.36
4497,12139,43.42,-74.53
4498,12140,42.69,-73.56
4499,12141,42.77,-74.16
4500,12143,42.47,-73.81
4501,12144,42.64,-73.73
4502,12147,42.51,-74.15
4503,12148,42.84,-73.85
4504,12149,42.63,-74.56
4505,12150,42.88,-74.05
4506,12151,42.93,-73.79
4507,12153,42.63,-73.49
4508,12154,42.89,-73.58
4509,12155,42.54,-74.82
4510,12156,42.47,-73.74
4511,12157,42.66,-74.31
4512,12158,42.53,-73.8
4513,12159,42.64,-73.88
4514,12160,42.76,-74.37
4515,12161,42.53,-73.85
4516,12164,43.58,-74.38
4517,12165,42.31,-73.51
4518,12166,42.83,-74.45
4519,12167,42.4,-74.61
4520,12168,42.56,-73.38
4521,12169,42.59,-73.45
4522,12170,42.95,-73.64
4523,12172,42.29,-73.74
4524,12173,42.38,-73.76
4525,12174,42.35,-73.73
4526,12175,42.58,-74.58
4527,12176,42.38,-73.98
4528,12177,42.95,-74.29
4529,12180,42.73,-73.67
4530,12181,42.73,-73.67
4531,12182,42.8,-73.63
4532,12183,42.75,-73.69
4533,12184,42.41,-73.67
4534,12185,42.9,-73.56
4535,12186,42.64,-73.93
4536,12187,42.61,-74.47
4537,12188,42.82,-73.7
4538,12189,42.72,-73.7
4539,12190,43.39,-74.29
4540,12192,42.4,-73.81
4541,12193,42.51,-74.04
4542,12194,42.53,-74.45
4543,12195,42.48,-73.48
4544,12196,42.63,-73.6
4545,12197,42.59,-74.75
4546,12198,42.68,-73.63
4547,12201,42.66,-73.79
4548,12202,42.63,-73.76
4549,12203,42.68,-73.85
4550,12204,42.69,-73.73
4551,12205,42.72,-73.83
4552,12206,42.67,-73.78
4553,12207,42.66,-73.75
4554,12208,42.66,-73.79
4555,12209,42.64,-73.79
4556,12210,42.66,-73.76
4557,12211,42.7,-73.76
4558,12212,42.66,-73.79
4559,12214,42.66,-73.79
4560,12220,42.66,-73.79
4561,12222,42.69,-73.82
4562,12223,42.66,-73.79
4563,12224,42.66,-73.79
4564,12225,42.66,-73.79
4565,12226,42.66,-73.79
4566,12227,42.66,-73.79
4567,12228,42.66,-73.79
4568,12229,42.66,-73.79
4569,12230,42.66,-73.79
4570,12231,42.66,-73.79
4571,12232,42.66,-73.79
4572,12233,42.66,-73.79
4573,12234,42.66,-73.79
4574,12235,42.66,-73.79
4575,12236,42.66,-73.79
4576,12237,42.66,-73.79
4577,12238,42.66,-73.79
4578,12239,42.66,-73.79
4579,12240,42.66,-73.79
4580,12241,42.66,-73.79
4581,12242,42.66,-73.79
4582,12243,42.66,-73.79
4583,12244,42.66,-73.79
4584,12245,42.66,-73.79
4585,12246,42.66,-73.79
4586,12247,42.66,-73.79
4587,12248,42.66,-73.79
4588,12249,42.66,-73.79
4589,12250,42.66,-73.79
4590,12252,42.66,-73.79
4591,12255,42.66,-73.79
4592,12256,42.66,-73.79
4593,12257,42.66,-73.79
4594,12260,42.66,-73.79
4595,12261,42.66,-73.79
4596,12288,42.66,-73.79
4597,12301,42.8,-73.92
4598,12302,42.88,-73.98
4599,12303,42.75,-73.93
4600,12304,42.8,-73.92
4601,12305,42.81,-73.95
4602,12306,42.81,-74.04
4603,12307,42.8,-73.93
4604,12308,42.82,-73.92
4605,12309,42.8,-73.86
4606,12325,42.8,-73.92
4607,12345,42.8,-73.92
4608,12401,41.93,-73.99
4609,12402,41.93,-73.99
4610,12404,41.8,-74.23
4611,12405,42.33,-74.09
4612,12406,42.14,-74.62
4613,12407,42.32,-74.36
4614,12409,42.04,-74.18
4615,12410,42.07,-74.44
4616,12411,41.88,-74.04
4617,12412,41.99,-74.26
4618,12413,42.3,-74.0
4619,12414,42.21,-73.86
4620,12416,42.1,-74.28
4621,12417,41.91,-73.99
4622,12418,42.36,-74.17
4623,12419,41.86,-74.1
4624,12420,41.67,-74.37
4625,12421,42.25,-74.55
4626,12422,42.4,-74.19
4627,12423,42.38,-74.11
4628,12424,42.25,-74.12
4629,12427,42.14,-74.1
4630,12428,41.7,-74.36
4631,12429,41.83,-73.99
4632,12430,42.2,-74.5
4633,12431,42.38,-74.06
4634,12432,42.04,-73.95
4635,12433,42.0,-74.15
4636,12434,42.35,-74.5
4637,12435,41.72,-74.52
4638,12436,42.2,-74.09
4639,12438,42.2,-74.6
4640,12439,42.28,-74.21
4641,12440,41.8,-74.13
4642,12441,42.13,-74.51
4643,12442,42.21,-74.21
4644,12443,41.91,-74.05
4645,12444,42.27,-74.28
4646,12446,41.77,-74.29
4647,12448,42.07,-74.2
4648,12449,41.98,-73.99
4649,12450,42.13,-74.24
4650,12451,42.3,-73.95
4651,12452,42.25,-74.36
4652,12453,42.09,-73.94
4653,12454,42.29,-74.15
4654,12455,42.14,-74.65
4655,12456,42.03,-74.0
4656,12457,42.04,-74.23
4657,12458,41.75,-74.37
4658,12459,42.21,-74.68
4659,12460,42.42,-74.15
4660,12461,41.89,-74.24
4661,12463,42.17,-74.01
4662,12464,42.08,-74.31
4663,12465,42.16,-74.46
4664,12466,41.9,-73.98
4665,12468,42.31,-74.43
4666,12469,42.44,-74.2
4667,12470,42.3,-74.1
4668,12471,41.84,-74.04
4669,12472,41.85,-74.08
4670,12473,42.27,-74.06
4671,12474,42.28,-74.56
4672,12475,42.02,-74.02
4673,12477,42.07,-73.94
4674,12480,42.12,-74.39
4675,12481,41.97,-74.2
4676,12482,42.27,-73.96
4677,12483,41.66,-74.42
4678,12484,41.86,-74.17
4679,12485,42.19,-74.13
4680,12486,41.83,-74.06
4681,12487,41.86,-73.99
4682,12489,41.75,-74.36
4683,12490,42.12,-73.93
4684,12491,41.97,-74.14
4685,12492,42.18,-74.34
4686,12493,41.78,-73.96
4687,12494,41.96,-74.28
4688,12495,42.08,-74.24
4689,12496,42.3,-74.25
4690,12498,42.03,-74.11
4691,12501,41.84,-73.55
4692,12502,42.05,-73.63
4693,12503,42.03,-73.57
4694,12504,42.03,-73.91
4695,12506,41.87,-73.69
4696,12507,42.01,-73.92
4697,12508,41.5,-73.96
4698,12510,41.67,-73.8
4699,12511,41.53,-73.89
4700,12512,41.55,-73.97
4701,12513,42.22,-73.72
4702,12514,41.87,-73.76
4703,12515,41.68,-74.06
4704,12516,42.1,-73.55
4705,12517,42.14,-73.5
4706,12518,41.41,-74.04
4707,12520,41.43,-74.01
4708,12521,42.16,-73.65
4709,12522,41.74,-73.58
4710,12523,42.09,-73.76
4711,12524,41.53,-73.89
4712,12525,41.68,-74.18
4713,12526,42.11,-73.85
4714,12527,41.52,-73.94
4715,12528,41.71,-73.96
4716,12529,42.2,-73.54
4717,12530,42.21,-73.69
4718,12531,41.53,-73.66
4719,12533,41.58,-73.8
4720,12534,42.25,-73.78
4721,12537,41.59,-73.89
4722,12538,41.78,-73.93
4723,12540,41.67,-73.73
4724,12541,42.13,-73.76
4725,12542,41.6,-73.97
4726,12543,41.48,-74.21
4727,12544,42.26,-73.68
4728,12545,41.78,-73.69
4729,12546,41.95,-73.51
4730,12547,41.65,-73.96
4731,12548,41.66,-74.1
4732,12549,41.52,-74.23
4733,12550,41.5,-74.02
4734,12551,41.5,-74.02
4735,12552,41.5,-74.02
4736,12553,41.47,-74.02
4737,12555,41.53,-74.04
4738,12561,41.74,-74.08
4739,12563,41.5,-73.58
4740,12564,41.56,-73.59
4741,12565,42.24,-73.64
4742,12566,41.6,-74.29
4743,12567,41.97,-73.65
4744,12568,41.62,-74.08
4745,12569,41.74,-73.82
4746,12570,41.63,-73.66
4747,12571,41.99,-73.87
4748,12572,41.92,-73.9
4749,12574,41.92,-73.95
4750,12575,41.47,-74.16
4751,12577,41.44,-74.12
4752,12578,41.8,-73.8
4753,12580,41.84,-73.92
4754,12581,41.86,-73.71
4755,12582,41.54,-73.73
4756,12583,42.05,-73.91
4757,12584,41.45,-74.05
4758,12585,41.73,-73.69
4759,12586,41.55,-74.18
4760,12588,41.62,-74.37
4761,12589,41.6,-74.16
4762,12590,41.59,-73.91
4763,12592,41.78,-73.54
4764,12593,42.09,-73.58
4765,12594,41.64,-73.56
4766,12601,41.69,-73.92
4767,12602,41.69,-73.92
4768,12603,41.68,-73.86
4769,12604,41.69,-73.89
4770,12701,41.65,-74.68
4771,12719,41.5,-74.9
4772,12720,41.68,-74.87
4773,12721,41.55,-74.44
4774,12722,41.59,-74.38
4775,12723,41.76,-75.05
4776,12724,41.84,-74.96
4777,12725,41.98,-74.57
4778,12726,41.7,-75.06
4779,12727,41.65,-74.98
4780,12729,41.47,-74.63
4781,12732,41.52,-74.88
4782,12733,41.73,-74.6
4783,12734,41.77,-74.73
4784,12736,41.84,-75.04
4785,12737,41.47,-74.81
4786,12738,41.65,-74.58
4787,12740,41.84,-74.54
4788,12741,41.84,-75.08
4789,12742,41.72,-74.72
4790,12743,41.52,-74.85
4791,12745,41.78,-75.02
4792,12746,41.41,-74.63
4793,12747,41.73,-74.67
4794,12748,41.78,-74.93
4795,12749,41.7,-74.84
4796,12750,41.73,-74.95
4797,12751,41.68,-74.66
4798,12752,41.68,-74.99
4799,12754,41.8,-74.74
4800,12758,41.89,-74.82
4801,12759,41.77,-74.65
4802,12760,41.85,-75.13
4803,12762,41.66,-74.79
4804,12763,41.68,-74.53
4805,12764,41.6,-75.06
4806,12765,41.84,-74.61
4807,12766,41.8,-74.99
4808,12767,41.84,-75.0
4809,12768,41.85,-74.76
4810,12769,41.66,-74.47
4811,12770,41.44,-74.82
4812,12771,41.37,-74.69
4813,12775,41.62,-74.59
4814,12776,41.93,-74.91
4815,12777,41.54,-74.69
4816,12778,41.66,-74.81
4817,12779,41.71,-74.63
4818,12780,41.44,-74.72
4819,12781,41.62,-74.47
4820,12783,41.75,-74.77
4821,12784,41.67,-74.64
4822,12785,41.5,-74.55
4823,12786,41.64,-74.86
4824,12787,41.79,-74.82
4825,12788,41.75,-74.59
4826,12789,41.71,-74.57
4827,12790,41.57,-74.48
4828,12791,41.82,-74.89
4829,12792,41.51,-74.96
4830,12801,43.31,-73.64
4831,12803,43.29,-73.63
4832,12804,43.34,-73.67
4833,12808,43.72,-73.77
4834,12809,43.23,-73.49
4835,12810,43.48,-73.89
4836,12811,43.61,-74.03
4837,12812,43.87,-74.44
4838,12814,43.62,-73.64
4839,12815,43.71,-73.69
4840,12816,43.02,-73.38
4841,12817,43.63,-73.8
4842,12819,43.59,-73.47
4843,12820,43.31,-73.64
4844,12821,43.45,-73.37
4845,12822,43.24,-73.83
4846,12823,43.17,-73.4
4847,12824,43.51,-73.69
4848,12827,43.41,-73.49
4849,12828,43.26,-73.58
4850,12831,43.19,-73.64
4851,12832,43.4,-73.26
4852,12833,43.13,-73.85
4853,12834,43.08,-73.49
4854,12835,43.33,-74.01
4855,12836,43.71,-73.61
4856,12837,43.46,-73.27
4857,12838,43.33,-73.4
4858,12839,43.3,-73.58
4859,12841,43.61,-73.53
4860,12842,43.78,-74.26
4861,12843,43.57,-73.97
4862,12844,43.49,-73.62
4863,12845,43.42,-73.71
4864,12846,43.32,-73.8
4865,12847,43.97,-74.42
4866,12848,43.1,-73.52
4867,12849,43.45,-73.3
4868,12850,43.11,-74.02
4869,12851,43.78,-73.97
4870,12852,43.94,-74.16
4871,12853,43.69,-73.98
4872,12854,43.5,-73.33
4873,12855,43.98,-73.7
4874,12856,43.67,-74.14
4875,12857,43.82,-73.89
4876,12858,43.91,-73.68
4877,12859,43.14,-73.88
4878,12860,43.76,-73.84
4879,12861,43.75,-73.41
4880,12862,43.69,-73.91
4881,12863,43.06,-73.92
4882,12864,43.73,-74.31
4883,12865,43.17,-73.32
4884,12866,43.06,-73.77
4885,12870,43.83,-73.73
4886,12871,43.1,-73.58
4887,12872,43.87,-73.73
4888,12873,43.12,-73.3
4889,12874,43.7,-73.51
4890,12878,43.42,-74.03
4891,12879,43.97,-74.17
4892,12883,43.84,-73.42
4893,12884,43.09,-73.59
4894,12885,43.5,-73.77
4895,12886,43.64,-73.92
4896,12887,43.56,-73.41
4897,12901,44.7,-73.47
4898,12903,44.69,-73.45
4899,12910,44.89,-73.65
4900,12911,44.52,-73.46
4901,12912,44.47,-73.78
4902,12913,44.43,-74.0
4903,12914,44.93,-74.59
4904,12915,44.86,-74.02
4905,12916,44.83,-74.51
4906,12917,44.9,-74.17
4907,12918,44.66,-73.68
4908,12919,44.98,-73.44
4909,12920,44.92,-74.08
4910,12921,44.88,-73.43
4911,12922,44.28,-74.67
4912,12923,44.95,-73.92
4913,12924,44.48,-73.58
4914,12926,44.93,-74.28
4915,12927,44.22,-74.83
4916,12928,43.95,-73.53
4917,12929,44.72,-73.71
4918,12930,44.71,-74.53
4919,12932,44.22,-73.6
4920,12933,44.89,-73.85
4921,12934,44.82,-73.85
4922,12935,44.9,-73.8
4923,12936,44.27,-73.39
4924,12937,44.98,-74.47
4925,12939,44.43,-74.16
4926,12941,44.35,-73.71
4927,12942,44.25,-73.78
4928,12943,44.2,-73.78
4929,12944,44.5,-73.48
4930,12945,44.36,-74.25
4931,12946,44.28,-73.98
4932,12949,44.77,-74.65
4933,12950,44.27,-73.57
4934,12952,44.72,-73.92
4935,12953,44.84,-74.29
4936,12955,44.81,-73.97
4937,12956,44.08,-73.52
4938,12957,44.86,-74.57
4939,12958,44.96,-73.58
4940,12959,44.96,-73.69
4941,12960,44.05,-73.5
4942,12961,44.06,-73.52
4943,12962,44.69,-73.55
4944,12964,44.14,-73.6
4945,12965,44.71,-74.65
4946,12966,44.79,-74.41
4947,12967,44.76,-74.65
4948,12969,44.71,-74.08
4949,12970,44.43,-74.25
4950,12972,44.58,-73.53
4951,12973,44.23,-74.57
4952,12974,44.04,-73.46
4953,12975,44.53,-73.42
4954,12976,44.47,-74.17
4955,12977,44.28,-74.07
4956,12978,44.62,-73.81
4957,12979,44.99,-73.37
4958,12980,44.49,-74.53
4959,12981,44.67,-73.82
4960,12983,44.32,-74.13
4961,12985,44.55,-73.75
4962,12986,44.23,-74.46
4963,12987,44.33,-73.78
4964,12989,44.52,-74.09
4965,12992,44.79,-73.52
4966,12993,44.17,-73.43
4967,12995,44.73,-74.26
4968,12996,44.37,-73.4
4969,12997,44.38,-73.82
4970,12998,44.08,-73.58
4971,13020,42.82,-76.07
4972,13021,42.93,-76.56
4973,13022,42.93,-76.56
4974,13024,42.93,-76.57
4975,13026,42.75,-76.7
4976,13027,43.15,-76.33
4977,13028,43.29,-75.93
4978,13029,43.23,-76.14
4979,13030,43.15,-75.96
4980,13031,43.03,-76.3
4981,13032,43.08,-75.75
4982,13033,43.16,-76.57
4983,13034,42.91,-76.72
4984,13035,42.92,-75.85
4985,13036,43.28,-76.14
4986,13037,43.04,-75.87
4987,13039,43.17,-76.11
4988,13040,42.54,-75.89
4989,13041,43.18,-76.17
4990,13042,43.26,-75.85
4991,13043,43.04,-75.74
4992,13044,43.25,-76.0
4993,13045,42.6,-76.18
4994,13051,42.88,-75.91
4995,13052,42.75,-75.86
4996,13053,42.49,-76.29
4997,13054,43.12,-75.67
4998,13056,42.66,-76.1
4999,13057,43.06,-76.07
5000,13060,43.03,-76.44
5001,13061,42.85,-75.75
5002,13062,42.48,-76.38
5003,13063,42.83,-75.98
5004,13064,43.33,-76.71
5005,13065,42.81,-76.8
5006,13066,43.02,-76.0
5007,13068,42.51,-76.34
5008,13069,43.31,-76.41
5009,13071,42.66,-76.53
5010,13072,42.76,-75.76
5011,13073,42.58,-76.36
5012,13074,43.31,-76.57
5013,13076,43.35,-76.15
5014,13077,42.63,-76.18
5015,13078,42.99,-76.07
5016,13080,43.06,-76.47
5017,13081,42.66,-76.61
5018,13082,43.07,-75.95
5019,13083,43.64,-76.06
5020,13084,42.88,-76.1
5021,13087,42.71,-76.15
5022,13088,43.11,-76.19
5023,13089,43.1,-76.21
5024,13090,43.15,-76.21
5025,13092,42.66,-76.43
5026,13093,43.49,-76.39
5027,13101,42.59,-76.09
5028,13102,42.55,-76.29
5029,13103,43.33,-76.11
5030,13104,43.0,-75.97
5031,13107,43.45,-76.15
5032,13108,42.98,-76.34
5033,13110,42.9,-76.32
5034,13111,43.28,-76.62
5035,13112,43.08,-76.37
5036,13113,43.16,-76.54
5037,13114,43.46,-76.23
5038,13115,43.4,-76.48
5039,13116,43.07,-76.0
5040,13117,43.01,-76.7
5041,13118,42.71,-76.42
5042,13119,42.97,-76.44
5043,13120,42.97,-76.14
5044,13121,43.46,-76.31
5045,13122,42.84,-75.85
5046,13123,43.23,-75.77
5047,13124,42.66,-75.82
5048,13126,43.45,-76.5
5049,13131,43.4,-76.12
5050,13132,43.26,-76.24
5051,13134,42.97,-75.68
5052,13135,43.23,-76.29
5053,13136,42.58,-75.86
5054,13137,43.15,-76.44
5055,13138,42.9,-76.01
5056,13139,42.73,-76.61
5057,13140,43.03,-76.62
5058,13141,42.73,-76.14
5059,13142,43.56,-76.12
5060,13143,43.24,-76.72
5061,13144,43.57,-75.97
5062,13145,43.65,-76.12
5063,13146,43.09,-76.75
5064,13147,42.78,-76.55
5065,13148,42.91,-76.79
5066,13152,42.89,-76.37
5067,13153,43.0,-76.45
5068,13154,43.23,-76.81
5069,13155,42.65,-75.78
5070,13156,43.32,-76.64
5071,13157,43.21,-75.72
5072,13158,42.71,-76.02
5073,13159,42.79,-76.1
5074,13160,42.84,-76.69
5075,13162,43.19,-75.72
5076,13163,43.08,-75.71
5077,13164,43.08,-76.32
5078,13165,42.9,-76.86
5079,13166,43.04,-76.56
5080,13167,43.29,-76.07
5081,13201,43.04,-76.14
5082,13202,43.04,-76.15
5083,13203,43.06,-76.13
5084,13204,43.05,-76.18
5085,13205,43.01,-76.14
5086,13206,43.07,-76.11
5087,13207,43.01,-76.16
5088,13208,43.08,-76.15
5089,13209,43.07,-76.22
5090,13210,43.04,-76.14
5091,13211,43.1,-76.12
5092,13212,43.13,-76.13
5093,13214,43.04,-76.08
5094,13215,42.98,-76.22
5095,13217,43.04,-76.14
5096,13218,43.04,-76.14
5097,13219,43.04,-76.22
5098,13220,43.04,-76.14
5099,13221,43.04,-76.14
5100,13224,43.04,-76.1
5101,13225,43.04,-76.14
5102,13235,43.04,-76.13
5103,13244,43.04,-76.14
5104,13250,43.04,-76.14
5105,13251,43.04,-76.14
5106,13252,43.04,-76.14
5107,13261,43.04,-76.14
5108,13290,43.07,-76.17
5109,13301,43.42,-75.22
5110,13302,43.51,-76.0
5111,13303,43.41,-75.47
5112,13304,43.27,-75.18
5113,13305,43.89,-75.42
5114,13308,43.27,-75.64
5115,13309,43.48,-75.33
5116,13310,42.88,-75.55
5117,13312,43.7,-75.29
5118,13313,42.88,-75.27
5119,13314,42.81,-75.31
5120,13315,42.74,-75.18
5121,13316,43.33,-75.74
5122,13317,42.9,-74.57
5123,13318,42.94,-75.25
5124,13319,43.02,-75.27
5125,13320,42.79,-74.75
5126,13321,43.09,-75.37
5127,13322,42.97,-75.25
5128,13323,43.04,-75.37
5129,13324,43.24,-75.03
5130,13325,43.56,-75.42
5131,13326,42.7,-74.92
5132,13327,43.89,-75.39
5133,13328,42.99,-75.42
5134,13329,43.1,-74.77
5135,13331,43.87,-74.88
5136,13332,42.74,-75.54
5137,13333,42.84,-74.82
5138,13334,42.84,-75.61
5139,13335,42.69,-75.24
5140,13337,42.71,-74.98
5141,13338,43.44,-75.2
5142,13339,42.93,-74.62
5143,13340,43.03,-75.07
5144,13341,43.04,-75.4
5145,13342,42.65,-75.2
5146,13343,43.75,-75.31
5147,13345,43.69,-75.32
5148,13346,42.82,-75.54
5149,13348,42.65,-75.04
5150,13350,43.02,-74.99
5151,13352,43.31,-75.12
5152,13353,43.4,-74.72
5153,13354,43.24,-75.25
5154,13355,42.81,-75.46
5155,13357,43.01,-75.04
5156,13360,43.72,-74.73
5157,13361,42.91,-74.95
5158,13362,42.98,-75.52
5159,13363,43.3,-75.51
5160,13364,42.8,-75.26
5161,13365,43.04,-74.85
5162,13367,43.78,-75.48
5163,13368,43.61,-75.36
5164,13401,43.27,-75.69
5165,13402,42.89,-75.51
5166,13403,43.17,-75.29
5167,13404,43.74,-75.47
5168,13406,43.13,-74.92
5169,13407,43.0,-75.0
5170,13408,42.89,-75.64
5171,13409,42.97,-75.58
5172,13410,42.93,-74.61
5173,13411,42.62,-75.33
5174,13413,43.07,-75.28
5175,13415,42.6,-75.2
5176,13416,43.18,-75.01
5177,13417,43.1,-75.29
5178,13418,42.85,-75.38
5179,13420,43.71,-74.97
5180,13421,43.08,-75.65
5181,13424,43.15,-75.33
5182,13425,42.93,-75.46
5183,13426,43.56,-75.95
5184,13428,42.92,-74.55
5185,13431,43.22,-75.06
5186,13433,43.58,-75.34
5187,13435,43.3,-75.15
5188,13436,43.81,-74.65
5189,13437,43.59,-75.81
5190,13438,43.32,-75.18
5191,13439,42.85,-74.98
5192,13440,43.21,-75.47
5193,13441,43.23,-75.41
5194,13442,43.21,-75.47
5195,13449,43.21,-75.47
5196,13450,42.7,-74.81
5197,13452,43.0,-74.67
5198,13454,43.22,-74.76
5199,13455,42.91,-75.37
5200,13456,43.0,-75.26
5201,13457,42.78,-75.02
5202,13459,42.79,-74.61
5203,13460,42.67,-75.49
5204,13461,43.07,-75.59
5205,13464,42.68,-75.56
5206,13465,42.91,-75.51
5207,13468,42.82,-74.87
5208,13469,43.21,-75.3
5209,13470,43.18,-74.68
5210,13471,43.3,-75.61
5211,13472,43.7,-75.07
5212,13473,43.62,-75.4
5213,13475,42.89,-74.83
5214,13476,43.07,-75.53
5215,13477,43.05,-75.5
5216,13478,43.13,-75.57
5217,13479,43.05,-75.27
5218,13480,42.93,-75.38
5219,13482,42.69,-75.19
5220,13483,43.4,-75.83
5221,13484,42.87,-75.66
5222,13485,42.78,-75.31
5223,13486,43.3,-75.38
5224,13488,42.69,-74.75
5225,13489,43.46,-75.52
5226,13490,43.11,-75.4
5227,13491,42.88,-75.19
5228,13492,43.12,-75.29
5229,13493,43.42,-75.88
5230,13494,43.52,-75.15
5231,13495,43.11,-75.27
5232,13501,43.1,-75.23
5233,13502,43.14,-75.15
5234,13503,43.1,-75.23
5235,13504,43.1,-75.23
5236,13505,43.1,-75.23
5237,13599,43.1,-75.23
5238,13601,43.97,-75.91
5239,13602,44.07,-75.78
5240,13603,44.04,-75.79
5241,13605,43.8,-76.02
5242,13606,43.85,-75.99
5243,13607,44.33,-75.91
5244,13608,44.25,-75.62
5245,13611,43.78,-76.11
5246,13612,44.0,-75.79
5247,13613,44.8,-74.79
5248,13614,44.54,-75.68
5249,13615,44.03,-75.99
5250,13616,44.03,-75.84
5251,13617,44.59,-75.17
5252,13618,44.12,-76.33
5253,13619,43.98,-75.6
5254,13620,43.88,-75.51
5255,13621,44.86,-75.07
5256,13622,44.06,-76.13
5257,13623,44.45,-75.75
5258,13624,44.23,-76.08
5259,13625,44.54,-74.93
5260,13626,43.89,-75.67
5261,13627,43.94,-75.59
5262,13628,44.03,-75.68
5263,13630,44.48,-75.3
5264,13631,43.89,-75.58
5265,13632,44.13,-76.01
5266,13633,44.5,-75.46
5267,13634,44.0,-76.04
5268,13635,44.32,-75.25
5269,13636,43.74,-76.12
5270,13637,44.08,-75.8
5271,13638,44.02,-75.74
5272,13639,44.25,-75.13
5273,13640,44.3,-76.03
5274,13641,44.27,-76.0
5275,13642,44.33,-75.46
5276,13643,44.03,-75.72
5277,13645,44.28,-75.42
5278,13646,44.44,-75.69
5279,13647,44.61,-74.98
5280,13648,44.15,-75.32
5281,13649,44.92,-74.72
5282,13650,43.8,-76.19
5283,13651,43.87,-76.18
5284,13652,44.46,-75.23
5285,13654,44.61,-75.4
5286,13655,44.97,-74.63
5287,13656,44.18,-75.95
5288,13657,44.03,-76.01
5289,13658,44.72,-75.26
5290,13659,43.74,-75.85
5291,13660,44.75,-75.15
5292,13661,43.71,-76.06
5293,13662,44.92,-74.89
5294,13664,44.58,-75.64
5295,13665,44.05,-75.43
5296,13666,44.21,-74.97
5297,13667,44.8,-74.98
5298,13668,44.74,-74.99
5299,13669,44.7,-75.47
5300,13670,44.18,-75.07
5301,13671,44.28,-75.62
5302,13672,44.47,-74.66
5303,13673,44.15,-75.7
5304,13674,43.74,-76.05
5305,13675,44.28,-75.85
5306,13676,44.66,-74.98
5307,13677,44.51,-75.18
5308,13678,44.81,-74.99
5309,13679,44.32,-75.77
5310,13680,44.59,-75.32
5311,13681,44.41,-75.39
5312,13682,43.84,-75.9
5313,13683,44.96,-74.73
5314,13684,44.36,-75.04
5315,13685,43.94,-76.12
5316,13687,44.5,-74.88
5317,13690,44.16,-75.03
5318,13691,44.21,-75.79
5319,13692,44.29,-76.03
5320,13693,43.99,-76.25
5321,13694,44.85,-75.19
5322,13695,44.13,-74.92
5323,13696,44.69,-74.89
5324,13697,44.74,-74.8
5325,13699,44.66,-74.98
5326,13730,42.22,-75.52
5327,13731,42.18,-74.78
5328,13732,42.07,-76.16
5329,13733,42.29,-75.48
5330,13734,42.07,-76.41
5331,13736,42.3,-76.18
5332,13737,42.1,-75.97
5333,13738,42.56,-76.12
5334,13739,42.33,-74.8
5335,13740,42.26,-74.78
5336,13743,42.23,-76.34
5337,13744,42.22,-75.91
5338,13745,42.16,-75.86
5339,13746,42.23,-75.84
5340,13747,42.49,-74.98
5341,13748,42.03,-75.8
5342,13749,42.01,-75.79
5343,13750,42.47,-74.84
5344,13751,42.45,-74.9
5345,13752,42.2,-74.97
5346,13753,42.27,-74.91
5347,13754,42.06,-75.42
5348,13755,42.08,-74.99
5349,13756,41.98,-75.11
5350,13757,42.41,-74.88
5351,13758,42.59,-75.73
5352,13760,42.13,-76.08
5353,13761,42.09,-76.05
5354,13762,42.11,-76.02
5355,13763,42.09,-76.05
5356,13774,41.96,-75.15
5357,13775,42.34,-75.16
5358,13776,42.47,-75.32
5359,13777,42.25,-76.0
5360,13778,42.32,-75.77
5361,13780,42.4,-75.49
5362,13782,42.19,-74.99
5363,13783,41.95,-75.27
5364,13784,42.43,-76.22
5365,13786,42.43,-74.68
5366,13787,42.17,-75.62
5367,13788,42.37,-74.66
5368,13790,42.11,-75.96
5369,13794,42.4,-76.02
5370,13795,42.03,-75.79
5371,13796,42.56,-75.13
5372,13797,42.35,-76.0
5373,13801,42.49,-75.76
5374,13802,42.24,-76.04
5375,13803,42.44,-76.03
5376,13804,42.24,-75.37
5377,13806,42.36,-74.95
5378,13807,42.59,-74.94
5379,13808,42.54,-75.24
5380,13809,42.42,-75.38
5381,13810,42.57,-75.05
5382,13811,42.22,-76.18
5383,13812,42.03,-76.35
5384,13813,42.19,-75.6
5385,13814,42.61,-75.53
5386,13815,42.53,-75.52
5387,13820,42.45,-75.06
5388,13825,42.39,-75.17
5389,13826,42.1,-75.64
5390,13827,42.1,-76.26
5391,13830,42.44,-75.59
5392,13832,42.66,-75.67
5393,13833,42.16,-75.83
5394,13834,42.53,-74.97
5395,13835,42.35,-76.2
5396,13837,42.03,-75.06
5397,13838,42.31,-75.39
5398,13839,42.29,-75.25
5399,13840,42.03,-76.4
5400,13841,42.41,-75.84
5401,13842,42.37,-74.72
5402,13843,42.53,-75.35
5403,13844,42.61,-75.67
5404,13845,42.05,-76.35
5405,13846,42.34,-75.05
5406,13847,42.18,-75.29
5407,13848,42.21,-75.72
5408,13849,42.32,-75.31
5409,13850,42.08,-76.05
5410,13851,42.08,-76.05
5411,13856,42.16,-75.13
5412,13859,42.37,-75.25
5413,13860,42.45,-74.94
5414,13861,42.51,-75.15
5415,13862,42.33,-75.96
5416,13863,42.46,-75.91
5417,13864,42.29,-76.37
5418,13865,42.07,-75.64
5419,13901,42.1,-75.91
5420,13902,42.09,-75.97
5421,13903,42.04,-75.89
5422,13904,42.13,-75.82
5423,13905,42.17,-75.94
5424,14001,43.01,-78.49
5425,14004,42.89,-78.49
5426,14005,42.9,-78.26
5427,14006,42.63,-79.02
5428,14008,43.31,-78.63
5429,14009,42.53,-78.43
5430,14010,42.73,-78.84
5431,14011,42.86,-78.28
5432,14012,43.32,-78.55
5433,14013,43.08,-78.39
5434,14020,42.99,-78.18
5435,14021,42.99,-78.18
5436,14024,42.58,-78.24
5437,14025,42.61,-78.72
5438,14026,42.94,-78.69
5439,14027,42.58,-79.02
5440,14028,43.31,-78.71
5441,14029,42.47,-78.25
5442,14030,42.56,-78.5
5443,14031,42.98,-78.6
5444,14032,43.0,-78.63
5445,14033,42.65,-78.68
5446,14034,42.49,-78.86
5447,14035,42.49,-78.85
5448,14036,42.96,-78.4
5449,14037,42.8,-78.44
5450,14038,43.02,-78.51
5451,14039,42.82,-78.17
5452,14040,42.89,-78.39
5453,14041,42.42,-78.98
5454,14042,42.49,-78.47
5455,14043,42.91,-78.7
5456,14047,42.68,-78.99
5457,14048,42.47,-79.33
5458,14051,43.04,-78.7
5459,14052,42.76,-78.61
5460,14054,42.91,-78.13
5461,14055,42.55,-78.6
5462,14056,43.0,-78.31
5463,14057,42.65,-78.9
5464,14058,43.07,-78.18
5465,14059,42.83,-78.63
5466,14060,42.44,-78.29
5467,14061,42.59,-79.07
5468,14062,42.46,-79.17
5469,14063,42.44,-79.33
5470,14065,42.48,-78.32
5471,14066,42.64,-78.13
5472,14067,43.19,-78.57
5473,14068,43.02,-78.75
5474,14069,42.6,-78.63
5475,14070,42.46,-78.93
5476,14072,43.01,-78.96
5477,14075,42.72,-78.83
5478,14080,42.63,-78.54
5479,14081,42.56,-79.04
5480,14082,42.66,-78.39
5481,14083,42.67,-78.44
5482,14085,42.71,-78.93
5483,14086,42.9,-78.66
5484,14091,42.54,-78.89
5485,14092,43.17,-79.04
5486,14094,43.16,-78.69
5487,14095,43.16,-78.69
5488,14098,43.32,-78.38
5489,14101,42.38,-78.52
5490,14102,42.83,-78.55
5491,14103,43.21,-78.38
5492,14105,43.21,-78.47
5493,14107,43.16,-78.99
5494,14108,43.28,-78.69
5495,14109,43.14,-79.03
5496,14110,42.67,-78.78
5497,14111,42.59,-78.93
5498,14112,42.7,-78.94
5499,14113,42.66,-78.33
5500,14120,43.04,-78.86
5501,14125,43.06,-78.27
5502,14126,43.34,-78.73
5503,14127,42.76,-78.74
5504,14129,42.45,-79.0
5505,14130,42.55,-78.15
5506,14131,43.23,-78.9
5507,14132,43.14,-78.87
5508,14133,42.49,-78.38
5509,14134,42.53,-78.52
5510,14135,42.49,-79.24
5511,14136,42.54,-79.16
5512,14138,42.36,-79.05
5513,14139,42.7,-78.53
5514,14140,42.83,-78.63
5515,14141,42.5,-78.67
5516,14143,42.98,-78.08
5517,14144,43.17,-78.99
5518,14145,42.73,-78.42
5519,14150,43.0,-78.87
5520,14151,43.0,-78.87
5521,14166,42.44,-79.36
5522,14167,42.73,-78.31
5523,14168,42.52,-78.99
5524,14169,42.77,-78.52
5525,14170,42.7,-78.67
5526,14171,42.43,-78.62
5527,14172,43.31,-78.82
5528,14173,42.53,-78.47
5529,14174,43.24,-79.04
5530,14201,42.9,-78.89
5531,14202,42.88,-78.88
5532,14203,42.87,-78.87
5533,14204,42.88,-78.86
5534,14205,42.88,-78.85
5535,14206,42.88,-78.81
5536,14207,42.95,-78.9
5537,14208,42.92,-78.85
5538,14209,42.91,-78.87
5539,14210,42.88,-78.85
5540,14211,42.91,-78.82
5541,14212,42.89,-78.82
5542,14213,42.92,-78.89
5543,14214,42.94,-78.84
5544,14215,42.94,-78.81
5545,14216,42.95,-78.86
5546,14217,42.97,-78.88
5547,14218,42.82,-78.83
5548,14219,42.79,-78.83
5549,14220,42.85,-78.82
5550,14221,42.98,-78.72
5551,14222,42.92,-78.88
5552,14223,42.97,-78.85
5553,14224,42.84,-78.75
5554,14225,42.93,-78.75
5555,14226,42.97,-78.8
5556,14227,42.89,-78.73
5557,14228,43.04,-78.78
5558,14231,42.88,-78.85
5559,14233,42.88,-78.85
5560,14240,42.88,-78.85
5561,14241,42.88,-78.85
5562,14260,42.88,-78.85
5563,14261,43.01,-78.79
5564,14263,42.88,-78.85
5565,14264,42.88,-78.85
5566,14265,42.88,-78.85
5567,14267,42.88,-78.85
5568,14269,42.88,-78.85
5569,14270,42.88,-78.85
5570,14272,42.88,-78.85
5571,14273,42.88,-78.85
5572,14276,42.88,-78.85
5573,14280,42.88,-78.85
5574,14301,43.1,-79.04
5575,14302,43.09,-79.05
5576,14303,43.09,-79.01
5577,14304,43.1,-78.95
5578,14305,43.12,-79.02
5579,14410,43.19,-77.86
5580,14411,43.24,-78.18
5581,14413,43.21,-77.05
5582,14414,42.91,-77.74
5583,14415,42.76,-77.02
5584,14416,43.08,-77.94
5585,14418,42.59,-77.15
5586,14420,43.21,-77.94
5587,14422,43.07,-78.06
5588,14423,42.97,-77.85
5589,14424,42.88,-77.28
5590,14425,42.95,-77.32
5591,14427,42.63,-78.05
5592,14428,43.1,-77.88
5593,14429,43.17,-78.05
5594,14430,43.21,-77.93
5595,14432,42.95,-77.13
5596,14433,43.08,-76.87
5597,14435,42.71,-77.66
5598,14437,42.56,-77.69
5599,14441,42.68,-76.96
5600,14443,42.89,-77.43
5601,14445,43.11,-77.48
5602,14449,43.24,-77.19
5603,14450,43.1,-77.44
5604,14452,43.25,-78.05
5605,14453,42.99,-77.42
5606,14454,42.79,-77.81
5607,14456,42.85,-77.0
5608,14461,42.8,-77.2
5609,14462,42.68,-77.74
5610,14463,42.83,-77.07
5611,14464,43.32,-77.93
5612,14466,42.77,-77.58
5613,14467,43.04,-77.61
5614,14468,43.28,-77.79
5615,14469,42.87,-77.46
5616,14470,43.22,-78.02
5617,14471,42.75,-77.49
5618,14472,42.95,-77.59
5619,14475,42.94,-77.5
5620,14476,43.32,-78.03
5621,14477,43.33,-78.13
5622,14478,42.58,-77.13
5623,14479,43.24,-78.31
5624,14480,42.84,-77.71
5625,14481,42.77,-77.89
5626,14482,42.97,-77.99
5627,14485,42.9,-77.61
5628,14486,42.9,-77.91
5629,14487,42.82,-77.66
5630,14488,42.81,-77.65
5631,14489,43.06,-76.99
5632,14502,43.06,-77.3
5633,14504,42.97,-77.23
5634,14505,43.16,-77.17
5635,14506,43.01,-77.52
5636,14507,42.7,-77.27
5637,14508,43.32,-78.05
5638,14510,42.72,-77.87
5639,14511,42.99,-77.86
5640,14512,42.61,-77.4
5641,14513,43.04,-77.09
5642,14514,43.11,-77.81
5643,14515,43.25,-77.73
5644,14516,43.2,-76.91
5645,14517,42.58,-77.93
5646,14518,42.95,-77.04
5647,14519,43.22,-77.31
5648,14520,43.24,-77.31
5649,14521,42.67,-76.82
5650,14522,43.06,-77.23
5651,14525,42.87,-77.99
5652,14526,43.15,-77.44
5653,14527,42.66,-77.05
5654,14529,42.54,-77.64
5655,14530,42.71,-78.0
5656,14532,42.95,-77.06
5657,14533,42.84,-77.88
5658,14534,43.09,-77.51
5659,14536,42.55,-78.09
5660,14537,43.04,-77.16
5661,14538,43.24,-77.19
5662,14539,42.83,-77.87
5663,14541,42.75,-76.83
5664,14542,43.15,-76.86
5665,14543,42.98,-77.67
5666,14544,42.76,-77.22
5667,14545,42.66,-77.7
5668,14546,43.02,-77.75
5669,14547,42.83,-77.07
5670,14548,42.95,-77.22
5671,14549,42.7,-78.02
5672,14550,42.66,-78.08
5673,14551,43.23,-77.06
5674,14555,43.26,-76.99
5675,14556,42.68,-77.82
5676,14557,43.04,-78.06
5677,14558,42.81,-77.65
5678,14559,43.18,-77.8
5679,14560,42.68,-77.57
5680,14561,42.82,-77.12
5681,14563,43.22,-77.44
5682,14564,42.98,-77.41
5683,14568,43.14,-77.27
5684,14569,42.74,-78.14
5685,14571,43.33,-78.24
5686,14572,42.56,-77.59
5687,14580,43.21,-77.42
5688,14585,42.91,-77.55
5689,14586,43.03,-77.69
5690,14588,42.68,-76.87
5691,14589,43.24,-77.15
5692,14590,43.22,-76.81
5693,14591,42.82,-78.08
5694,14592,42.87,-77.9
5695,14602,43.16,-77.61
5696,14603,43.16,-77.61
5697,14604,43.16,-77.61
5698,14605,43.17,-77.6
5699,14606,43.17,-77.7
5700,14607,43.15,-77.59
5701,14608,43.15,-77.62
5702,14609,43.18,-77.55
5703,14610,43.14,-77.55
5704,14611,43.15,-77.65
5705,14612,43.27,-77.68
5706,14613,43.18,-77.64
5707,14614,43.16,-77.62
5708,14615,43.2,-77.65
5709,14616,43.23,-77.66
5710,14617,43.23,-77.59
5711,14618,43.11,-77.55
5712,14619,43.14,-77.65
5713,14620,43.13,-77.61
5714,14621,43.19,-77.6
5715,14622,43.22,-77.55
5716,14623,43.09,-77.64
5717,14624,43.13,-77.73
5718,14625,43.15,-77.51
5719,14626,43.22,-77.71
5720,14627,43.13,-77.63
5721,14638,43.16,-77.61
5722,14639,43.16,-77.61
5723,14642,43.16,-77.61
5724,14643,43.16,-77.61
5725,14644,43.16,-77.61
5726,14645,43.15,-77.6
5727,14646,43.16,-77.61
5728,14647,43.16,-77.61
5729,14649,43.16,-77.61
5730,14650,43.16,-77.61
5731,14651,43.16,-77.61
5732,14652,43.16,-77.61
5733,14653,43.16,-77.61
5734,14664,43.15,-77.6
5735,14673,43.15,-77.6
5736,14683,43.15,-77.6
5737,14692,43.16,-77.61
5738,14694,43.16,-77.61
5739,14701,42.09,-79.23
5740,14702,42.09,-79.23
5741,14706,42.09,-78.49
5742,14707,42.08,-78.06
5743,14708,42.01,-78.02
5744,14709,42.3,-78.02
5745,14710,42.11,-79.42
5746,14711,42.33,-78.12
5747,14712,42.16,-79.39
5748,14714,42.29,-78.24
5749,14715,42.06,-78.17
5750,14716,42.38,-79.44
5751,14717,42.35,-78.21
5752,14718,42.34,-79.31
5753,14719,42.32,-78.86
5754,14720,42.11,-79.28
5755,14721,42.0,-78.27
5756,14722,42.21,-79.47
5757,14723,42.29,-79.1
5758,14724,42.05,-79.66
5759,14726,42.26,-79.01
5760,14727,42.21,-78.27
5761,14728,42.24,-79.4
5762,14729,42.4,-78.74
5763,14730,42.17,-78.95
5764,14731,42.27,-78.67
5765,14732,42.23,-79.12
5766,14733,42.11,-79.19
5767,14735,42.46,-78.11
5768,14736,42.14,-79.75
5769,14737,42.33,-78.45
5770,14738,42.05,-79.16
5771,14739,42.2,-78.14
5772,14740,42.22,-79.18
5773,14741,42.21,-78.59
5774,14742,42.12,-79.31
5775,14743,42.16,-78.38
5776,14744,42.42,-78.16
5777,14745,42.47,-78.14
5778,14747,42.14,-79.07
5779,14748,42.14,-78.61
5780,14750,42.1,-79.32
5781,14751,42.3,-79.0
5782,14752,42.35,-79.32
5783,14753,42.02,-78.63
5784,14754,42.02,-78.23
5785,14755,42.24,-78.79
5786,14756,42.2,-79.42
5787,14757,42.25,-79.5
5788,14758,42.01,-79.45
5789,14760,42.08,-78.43
5790,14766,42.39,-78.83
5791,14767,42.07,-79.48
5792,14769,42.37,-79.47
5793,14770,42.03,-78.33
5794,14772,42.16,-78.97
5795,14774,42.09,-78.15
5796,14775,42.26,-79.71
5797,14777,42.39,-78.27
5798,14778,42.08,-78.48
5799,14779,42.16,-78.72
5800,14781,42.16,-79.59
5801,14782,42.26,-79.25
5802,14783,42.08,-78.89
5803,14784,42.31,-79.38
5804,14785,42.15,-79.41
5805,14786,42.13,-78.25
5806,14787,42.32,-79.57
5807,14788,42.06,-78.38
5808,14801,42.1,-77.23
5809,14802,42.25,-77.79
5810,14803,42.24,-77.81
5811,14804,42.32,-77.85
5812,14805,42.31,-76.72
5813,14806,42.15,-77.79
5814,14807,42.39,-77.69
5815,14808,42.56,-77.47
5816,14809,42.4,-77.42
5817,14810,42.33,-77.31
5818,14812,42.29,-76.96
5819,14813,42.22,-78.03
5820,14814,42.13,-76.93
5821,14815,42.37,-77.1
5822,14816,42.17,-76.73
5823,14817,42.38,-76.39
5824,14818,42.41,-76.84
5825,14819,42.19,-77.4
5826,14820,42.18,-77.36
5827,14821,42.23,-77.19
5828,14822,42.46,-77.77
5829,14823,42.27,-77.6
5830,14824,42.28,-76.69
5831,14825,42.06,-76.62
5832,14826,42.5,-77.5
5833,14827,42.18,-77.14
5834,14830,42.14,-77.05
5835,14831,42.14,-77.05
5836,14836,42.54,-77.89
5837,14837,42.52,-76.97
5838,14838,42.18,-76.67
5839,14839,42.13,-77.64
5840,14840,42.4,-77.22
5841,14841,42.5,-76.87
5842,14842,42.58,-76.95
5843,14843,42.32,-77.66
5844,14845,42.16,-76.82
5845,14846,42.52,-77.98
5846,14847,42.61,-76.72
5847,14850,42.44,-76.5
5848,14851,42.44,-76.5
5849,14852,42.44,-76.5
5850,14853,42.45,-76.48
5851,14854,42.51,-76.61
5852,14855,42.12,-77.5
5853,14856,42.38,-77.37
5854,14857,42.51,-76.92
5855,14858,42.02,-77.14
5856,14859,42.09,-76.55
5857,14860,42.61,-76.82
5858,14861,42.02,-76.72
5859,14863,42.45,-76.71
5860,14864,42.26,-76.83
5861,14865,42.34,-76.84
5862,14867,42.36,-76.59
5863,14869,42.33,-76.78
5864,14870,42.16,-77.09
5865,14871,42.03,-76.86
5866,14872,42.24,-76.87
5867,14873,42.52,-77.29
5868,14874,42.53,-77.18
5869,14876,42.43,-76.93
5870,14877,42.08,-77.66
5871,14878,42.47,-76.92
5872,14879,42.28,-77.22
5873,14880,42.17,-77.97
5874,14881,42.4,-76.36
5875,14882,42.58,-76.55
5876,14883,42.21,-76.49
5877,14884,42.48,-77.88
5878,14885,42.04,-77.54
5879,14886,42.54,-76.66
5880,14887,42.4,-77.05
5881,14889,42.19,-76.55
5882,14891,42.38,-76.87
5883,14892,42.01,-76.52
5884,14893,42.47,-77.11
5885,14894,42.01,-76.72
5886,14895,42.12,-77.94
5887,14897,42.03,-77.8
5888,14898,42.08,-77.4
5889,14901,42.09,-76.75
5890,14902,42.08,-76.8
5891,14903,42.13,-76.87
5892,14904,42.08,-76.8
5893,14905,42.09,-76.84
5894,14925,42.08,-76.8
