zipcode,2011-12,2012-01,2012-02,2012-03,2012-04,2012-05,2012-06,2012-07,2012-08,2012-09,2012-10,2012-11,2012-12,2013-01,2013-02,2013-03,2013-04,2013-05,2013-06,2013-07,2013-08,2013-09,2013-10,2013-11,2013-12,2014-01,2014-02,2014-03,2014-04,2014-05,2014-06,2014-07,2014-08,2014-09,2014-10,2014-11,2014-12,2015-01,2015-02,2015-03,2015-04,2015-05,2015-06,2015-07,2015-08,2015-09,2015-10,2015-11,2015-12,2016-01,2016-02,2016-03,2016-04,2016-05,2016-06,2016-07,2016-08,2016-09,2016-10,2016-11,2016-12,2017-01,2017-02,2017-03,2017-04,2017-05,2017-06,2017-07,2017-08,2017-09
10025,2964.0,2970.0,2995.0,3012.0,3010,2996,2978,2974,3012,3063,3089,3084,3112,3151,3164,3168,3181,3225,3271,3296,3256,3209,3220,3241,3297,3337,3378,3399,3380,3375,3360,3382,3407,3448,3497,3540,3543,3539,3548,3585,3655,3693,3728,3713,3715,3703,3684,3646,3619,3621,3616,3618,3648,3672,3680,3663,3633,3600,3590,3577,3568,3557,3550,3550,3547,3537,3525,3534,3548,3568
10023,3213.0,3182.0,3206.0,3241.0,3267,3290,3285,3286,3299,3331,3362,3351,3344,3333,3310,3336,3374,3444,3463,3475,3436,3425,3451,3489,3556,3599,3609,3582,3550,3555,3560,3596,3644,3709,3827,3911,3975,4010,4052,4061,4069,4038,4082,4080,4094,4048,3992,3934,3898,3911,3959,4028,4100,4114,4084,4039,3980,3929,3913,3877,3848,3839,3824,3816,3794,3789,3797,3843,3894,3937
10002,3092.0,3088.0,3112.0,3111.0,3128,3160,3189,3206,3218,3227,3258,3270,3272,3264,3244,3242,3249,3283,3307,3293,3253,3224,3272,3328,3382,3406,3423,3435,3445,3449,3457,3503,3567,3634,3731,3792,3840,3864,3896,3914,3923,3910,3905,3884,3880,3857,3795,3741,3711,3753,3774,3804,3846,3873,3866,3836,3802,3766,3761,3726,3688,3653,3638,3631,3620,3633,3654,3706,3736,3769
10467,1493.0,1482.0,1489.0,1496.0,1499,1497,1499,1511,1528,1539,1543,1557,1552,1537,1526,1522,1537,1558,1582,1590,1583,1571,1575,1593,1598,1599,1595,1587,1582,1578,1575,1576,1595,1626,1659,1692,1703,1709,1716,1728,1736,1743,1746,1742,1745,1754,1771,1793,1801,1818,1822,1822,1808,1792,1775,1763,1747,1733,1727,1718,1697,1681,1684,1698,1714,1728,1741,1753,1758,1757
11226,1581.0,1584.0,1596.0,1603.0,1611,1610,1623,1624,1632,1639,1661,1679,1697,1718,1736,1757,1773,1807,1828,1849,1846,1849,1859,1889,1928,1963,1976,1982,1989,1988,1988,1999,2018,2026,2027,2014,2008,1997,1996,2014,2027,2031,2024,2033,2060,2085,2101,2094,2088,2099,2108,2119,2127,2143,2153,2155,2152,2150,2172,2178,2182,2177,2174,2161,2149,2140,2142,2146,2158,2180
11375,1665.0,1658.0,1662.0,1685.0,1707,1725,1741,1750,1746,1730,1709,1710,1721,1741,1752,1765,1777,1796,1818,1835,1851,1864,1876,1898,1932,1964,1979,1980,1987,2004,2024,2065,2103,2151,2176,2181,2171,2168,2182,2194,2182,2170,2157,2147,2163,2186,2213,2231,2246,2245,2248,2245,2254,2245,2235,2216,2194,2170,2151,2146,2145,2149,2151,2159,2166,2167,2160,2149,2135,2115
10016,3127.0,3101.0,3115.0,3126.0,3155,3167,3174,3186,3231,3270,3290,3261,3248,3248,3231,3234,3253,3326,3368,3368,3307,3281,3327,3372,3432,3464,3490,3499,3497,3488,3486,3508,3544,3577,3670,3747,3820,3847,3872,3889,3897,3884,3887,3875,3880,3855,3784,3709,3668,3722,3762,3799,3832,3836,3815,3791,3762,3735,3734,3706,3676,3648,3627,3615,3597,3598,3610,3656,3694,3733
11235,1624.0,1625.0,1639.0,1639.0,1642,1636,1645,1660,1677,1684,1678,1676,1690,1717,1731,1744,1755,1778,1800,1815,1813,1798,1787,1789,1812,1842,1865,1888,1908,1913,1911,1918,1946,2000,2056,2081,2068,2043,2042,2063,2079,2102,2120,2130,2135,2132,2140,2143,2155,2169,2179,2187,2202,2211,2212,2207,2203,2202,2213,2225,2240,2255,2263,2262,2251,2235,2224,2223,2232,2246
10009,3169.0,3138.0,3131.0,3142.0,3160,3183,3183,3190,3215,3248,3277,3261,3262,3267,3253,3232,3217,3261,3299,3295,3243,3212,3267,3317,3366,3401,3428,3443,3445,3448,3464,3515,3584,3672,3817,3929,4024,4060,4104,4146,4179,4161,4143,4103,4085,4019,3897,3795,3739,3780,3817,3864,3921,3955,3960,3953,3928,3898,3905,3878,3847,3810,3785,3765,3747,3751,3774,3832,3881,3918
10029,2611.0,2607.0,2596.0,2565.0,2553,2552,2562,2566,2592,2628,2637,2617,2593,2592,2622,2677,2711,2713,2673,2657,2655,2660,2662,2677,2709,2739,2756,2778,2806,2818,2801,2775,2771,2793,2820,2845,2873,2911,2935,2934,2942,2953,2990,3029,3036,3019,3033,3043,3057,3031,3026,3016,3013,3027,3050,3046,3021,3001,2998,2997,2993,3001,3007,3006,2999,2999,3015,3029,3031,3032
10128,2932.0,2937.0,2947.0,2943.0,2921,2921,2939,2981,3022,3075,3100,3089,3047,3038,3028,3056,3099,3143,3148,3124,3086,3064,3033,3032,3059,3098,3128,3148,3167,3144,3103,3081,3094,3151,3194,3222,3241,3255,3288,3295,3314,3322,3349,3376,3403,3405,3409,3399,3408,3421,3450,3470,3478,3480,3474,3450,3415,3377,3373,3367,3376,3375,3364,3343,3319,3323,3338,3356,3347,3332
10011,3412.0,3354.0,3330.0,3376.0,3434,3492,3481,3463,3449,3444,3468,3447,3438,3427,3409,3400,3432,3513,3562,3559,3506,3532,3611,3662,3692,3732,3750,3723,3700,3732,3766,3817,3889,3970,4177,4331,4459,4501,4569,4600,4602,4517,4501,4517,4574,4585,4476,4407,4355,4450,4560,4662,4729,4722,4687,4644,4577,4481,4450,4372,4302,4257,4210,4191,4167,4187,4223,4285,4339,4378
10003,3339.0,3286.0,3286.0,3313.0,3336,3360,3360,3364,3380,3400,3433,3426,3421,3407,3380,3367,3387,3461,3522,3521,3473,3473,3549,3618,3671,3695,3700,3661,3646,3652,3665,3710,3780,3857,4005,4120,4231,4283,4347,4394,4408,4362,4338,4327,4343,4317,4208,4105,4032,4085,4157,4231,4300,4330,4315,4270,4206,4139,4128,4085,4054,4025,3989,3970,3941,3950,3979,4053,4113,4157
10462,1503.0,1505.0,1512.0,1526.0,1529,1540,1557,1582,1596,1595,1588,1581,1574,1570,1578,1587,1604,1623,1631,1630,1619,1618,1627,1634,1629,1616,1605,1604,1613,1629,1657,1679,1697,1701,1712,1731,1744,1750,1745,1732,1732,1739,1747,1736,1729,1721,1742,1759,1778,1796,1813,1829,1835,1831,1816,1802,1782,1758,1741,1722,1705,1700,1701,1691,1651,1607,1572,1554,1556,1569
10456,1580.0,1552.0,1533.0,1528.0,1536,1551,1571,1582,1595,1601,1597,1600,1583,1570,1577,1588,1609,1626,1633,1628,1614,1602,1603,1633,1640,1637,1625,1621,1620,1617,1612,1615,1627,1648,1665,1690,1695,1700,1708,1725,1745,1759,1770,1774,1777,1777,1786,1810,1827,1846,1856,1854,1836,1819,1807,1804,1807,1817,1831,1844,1844,1843,1833,1824,1814,1821,1841,1861,1868,1860
10463,1588.0,1585.0,1580.0,1580.0,1585,1591,1608,1623,1643,1650,1650,1648,1640,1634,1628,1632,1647,1665,1680,1675,1663,1652,1648,1656,1661,1667,1672,1673,1678,1685,1689,1694,1696,1715,1726,1748,1753,1760,1768,1790,1807,1817,1818,1825,1836,1845,1868,1883,1901,1901,1905,1902,1894,1892,1898,1908,1917,1926,1935,1941,1940,1943,1955,1967,1971,1969,1973,1984,1992,1990
11206,1854.0,1872.0,1894.0,1936.0,1979,2042,2078,2085,2071,2057,2052,2046,2053,2066,2092,2110,2132,2164,2207,2268,2311,2351,2370,2394,2416,2440,2461,2469,2477,2467,2465,2466,2481,2495,2506,2514,2516,2513,2515,2530,2557,2572,2567,2557,2557,2568,2594,2617,2627,2634,2631,2634,2624,2619,2619,2619,2623,2617,2621,2629,2642,2653,2655,2643,2626,2610,2607,2612,2620,2623
11230,1632.0,1634.0,1639.0,1635.0,1630,1628,1635,1648,1671,1688,1694,1677,1678,1683,1691,1708,1727,1764,1803,1824,1815,1789,1768,1764,1785,1821,1859,1884,1906,1896,1896,1906,1921,1947,1983,2022,2044,2031,2018,2034,2061,2094,2109,2116,2139,2157,2171,2169,2174,2193,2202,2211,2211,2214,2213,2215,2223,2237,2254,2266,2276,2291,2306,2304,2288,2265,2247,2239,2239,2249
11209,1676.0,1697.0,1710.0,1710.0,1716,1734,1751,1752,1747,1738,1742,1738,1754,1762,1770,1779,1794,1826,1848,1882,1891,1908,1901,1884,1874,1895,1931,1961,1974,1970,1984,2004,2030,2038,2062,2078,2101,2097,2093,2103,2138,2162,2168,2163,2176,2194,2206,2211,2213,2232,2248,2264,2262,2252,2240,2233,2225,2222,2234,2242,2251,2259,2266,2270,2267,2264,2263,2267,2272,2284
11201,2229.0,2242.0,2267.0,2315.0,2361,2393,2413,2431,2453,2463,2484,2514,2553,2585,2611,2637,2658,2686,2699,2733,2768,2803,2828,2821,2804,2788,2784,2777,2791,2796,2818,2819,2820,2830,2846,2874,2883,2902,2920,2940,2951,2955,2952,2945,2930,2919,2932,2936,2941,2938,2941,2948,2947,2941,2926,2910,2893,2877,2883,2878,2875,2870,2859,2844,2848,2878,2920,2952,2972,2981
11212,1521.0,1525.0,1527.0,1534.0,1551,1566,1576,1587,1588,1603,1614,1639,1643,1650,1660,1664,1681,1701,1732,1756,1762,1755,1746,1754,1757,1766,1775,1791,1801,1825,1831,1852,1862,1877,1877,1877,1865,1861,1865,1874,1875,1872,1892,1908,1945,1964,2009,2036,2054,2065,2066,2079,2096,2120,2125,2123,2124,2129,2152,2174,2191,2203,2213,2204,2187,2161,2144,2136,2145,2169
10024,3188.0,3136.0,3137.0,3165.0,3207,3241,3249,3240,3253,3274,3290,3267,3256,3253,3231,3247,3266,3362,3418,3458,3400,3364,3382,3414,3456,3502,3519,3519,3483,3489,3502,3543,3593,3697,3855,3974,4078,4121,4204,4210,4281,4260,4301,4285,4320,4317,4268,4218,4176,4220,4279,4385,4458,4470,4403,4324,4237,4159,4158,4137,4114,4088,4062,4049,4025,4017,4029,4084,4136,4174
11214,1587.0,1597.0,1611.0,1621.0,1628,1637,1660,1682,1701,1696,1693,1665,1673,1669,1666,1655,1666,1683,1697,1707,1707,1708,1697,1691,1710,1748,1787,1815,1831,1835,1837,1848,1850,1869,1899,1923,1946,1946,1945,1965,1984,2006,2027,2038,2070,2087,2111,2120,2134,2160,2173,2189,2188,2183,2173,2170,2175,2184,2196,2198,2204,2210,2217,2218,2217,2217,2217,2216,2215,2220
11229,1598.0,1591.0,1594.0,1599.0,1604,1611,1623,1638,1654,1665,1665,1661,1670,1688,1700,1716,1729,1753,1773,1783,1775,1753,1733,1727,1748,1778,1808,1839,1865,1870,1870,1889,1912,1959,1993,2021,2022,2001,1993,1991,1994,2007,2033,2057,2086,2099,2112,2115,2125,2131,2128,2133,2147,2167,2177,2176,2177,2182,2198,2219,2243,2275,2301,2308,2293,2265,2241,2224,2220,2231
11377,1684.0,1696.0,1715.0,1748.0,1776,1798,1808,1809,1799,1779,1771,1781,1790,1801,1811,1826,1832,1835,1846,1864,1878,1889,1898,1917,1946,1979,2009,2019,2037,2063,2090,2123,2159,2218,2264,2280,2275,2275,2287,2288,2276,2262,2245,2241,2265,2299,2339,2360,2377,2374,2359,2342,2344,2350,2355,2343,2314,2279,2262,2255,2247,2239,2236,2243,2249,2256,2261,2269,2276,2273
11234,1576.0,1560.0,1553.0,1551.0,1556,1568,1588,1608,1626,1644,1653,1666,1670,1687,1691,1702,1714,1738,1756,1764,1761,1749,1736,1731,1738,1754,1783,1819,1855,1868,1867,1869,1873,1897,1912,1942,1948,1938,1932,1925,1920,1925,1950,1986,2029,2051,2066,2072,2080,2089,2092,2098,2116,2140,2158,2165,2173,2182,2199,2225,2253,2284,2312,2317,2297,2264,2236,2217,2208,2214
11207,1564.0,1568.0,1568.0,1573.0,1580,1603,1621,1637,1642,1644,1640,1649,1652,1669,1682,1695,1705,1722,1752,1786,1797,1821,1831,1849,1835,1835,1845,1854,1864,1884,1915,1946,1972,1985,1996,2010,2023,2029,2046,2066,2083,2081,2068,2067,2089,2119,2160,2202,2232,2245,2246,2247,2253,2257,2255,2242,2235,2224,2232,2245,2260,2265,2268,2262,2259,2248,2238,2222,2219,2225
10019,3229.0,3197.0,3222.0,3255.0,3287,3293,3287,3295,3321,3353,3381,3370,3367,3347,3318,3326,3354,3413,3444,3455,3425,3428,3467,3504,3568,3602,3633,3607,3589,3577,3588,3617,3654,3706,3809,3895,3942,3965,3981,4015,4038,4032,4028,3997,4005,3989,3924,3856,3821,3860,3890,3930,3973,3996,3995,3980,3946,3895,3870,3836,3828,3831,3831,3826,3801,3793,3803,3849,3883,3905
11355,1705.0,1712.0,1727.0,1746.0,1757,1768,1774,1780,1776,1771,1772,1789,1802,1812,1813,1821,1825,1835,1848,1864,1882,1890,1905,1929,1962,1987,1998,1996,2004,2021,2036,2058,2079,2123,2153,2159,2152,2147,2163,2178,2192,2195,2194,2189,2201,2211,2236,2248,2254,2257,2258,2265,2274,2282,2288,2282,2263,2241,2234,2233,2236,2237,2241,2242,2243,2241,2242,2246,2255,2260
10314,1805.0,1804.0,1806.0,1810.0,1819,1824,1820,1805,1792,1788,1804,1831,1868,1903,1934,1952,1968,1982,1999,2024,2048,2062,2054,2022,1976,1935,1925,1948,1985,2011,2010,2014,2029,2057,2093,2130,2152,2150,2150,2154,2169,2178,2179,2163,2141,2122,2125,2127,2121,2122,2111,2100,2072,2067,2073,2088,2088,2086,2088,2095,2106,2128,2145,2131,2107,2080,2094,2112,2138,2149
11215,2085.0,2113.0,2143.0,2175.0,2216,2248,2292,2308,2326,2329,2342,2356,2388,2424,2455,2472,2484,2495,2498,2525,2542,2558,2562,2555,2540,2541,2553,2557,2567,2579,2597,2602,2592,2598,2632,2666,2681,2688,2715,2750,2775,2785,2772,2755,2736,2732,2762,2767,2768,2771,2765,2763,2746,2738,2724,2712,2703,2694,2710,2708,2703,2696,2684,2671,2665,2665,2678,2703,2738,2769
11221,1627.0,1634.0,1634.0,1643.0,1651,1670,1688,1707,1718,1724,1725,1736,1734,1749,1777,1811,1842,1879,1923,1970,2000,2050,2103,2165,2189,2203,2209,2204,2208,2234,2265,2285,2302,2316,2331,2335,2341,2351,2375,2399,2422,2427,2420,2414,2424,2432,2448,2467,2478,2492,2497,2505,2504,2494,2479,2468,2463,2454,2459,2473,2479,2478,2475,2469,2464,2458,2456,2459,2463,2466
11211,2148.0,2176.0,2207.0,2261.0,2317,2368,2398,2416,2425,2417,2427,2426,2448,2478,2498,2533,2540,2558,2567,2607,2630,2646,2639,2628,2639,2654,2680,2682,2695,2700,2717,2726,2734,2752,2764,2766,2777,2789,2795,2801,2809,2820,2829,2839,2859,2879,2890,2888,2904,2922,2937,2934,2921,2907,2900,2891,2885,2883,2898,2907,2930,2948,2956,2953,2961,2969,2984,2985,2986,2978
11373,1663.0,1678.0,1694.0,1722.0,1744,1765,1778,1780,1771,1748,1735,1732,1739,1754,1762,1780,1785,1798,1813,1830,1838,1841,1855,1886,1929,1966,1988,1985,1989,1997,2006,2026,2053,2110,2144,2154,2142,2141,2151,2156,2153,2150,2147,2149,2173,2200,2244,2259,2270,2266,2267,2271,2285,2292,2295,2286,2266,2243,2239,2235,2228,2215,2207,2206,2210,2214,2221,2231,2245,2248
11385,1633.0,1646.0,1649.0,1647.0,1643,1644,1664,1673,1672,1656,1657,1671,1689,1692,1691,1686,1691,1698,1707,1713,1735,1758,1791,1798,1818,1836,1858,1872,1888,1908,1914,1938,1956,2003,2032,2062,2055,2064,2089,2135,2162,2170,2162,2159,2181,2205,2244,2254,2273,2287,2296,2302,2310,2316,2316,2311,2289,2257,2250,2243,2242,2238,2227,2211,2201,2206,2221,2239,2257,2263
10028,2933.0,2937.0,2957.0,2962.0,2944,2934,2939,2977,3028,3094,3118,3095,3048,3049,3045,3071,3106,3158,3188,3174,3131,3102,3077,3076,3086,3109,3124,3138,3150,3131,3100,3083,3095,3147,3224,3273,3340,3384,3438,3452,3466,3468,3494,3515,3541,3534,3512,3484,3479,3500,3544,3596,3623,3627,3594,3554,3510,3475,3477,3468,3470,3455,3434,3407,3390,3398,3418,3442,3436,3420
11236,1544.0,1538.0,1538.0,1534.0,1538,1547,1562,1580,1596,1615,1630,1658,1663,1679,1678,1688,1703,1720,1732,1743,1744,1740,1716,1708,1706,1723,1743,1763,1786,1806,1820,1829,1842,1853,1853,1855,1840,1835,1838,1853,1855,1851,1855,1878,1918,1949,1980,2007,2027,2036,2045,2053,2068,2083,2092,2093,2093,2104,2135,2166,2183,2192,2199,2194,2176,2161,2149,2139,2136,2146
10457,1535.0,1511.0,1494.0,1493.0,1505,1518,1546,1569,1591,1593,1583,1581,1551,1528,1521,1524,1542,1562,1575,1570,1551,1536,1544,1577,1592,1598,1598,1602,1605,1607,1605,1605,1618,1643,1673,1705,1706,1712,1720,1739,1755,1769,1780,1784,1787,1784,1796,1817,1829,1844,1852,1854,1836,1812,1794,1789,1785,1780,1784,1793,1790,1786,1774,1759,1747,1742,1745,1750,1758,1766
10027,2507.0,2509.0,2521.0,2511.0,2519,2520,2514,2503,2502,2502,2479,2455,2466,2500,2541,2566,2587,2584,2590,2595,2598,2604,2619,2628,2641,2661,2683,2719,2735,2735,2721,2716,2736,2785,2853,2924,2958,3003,3019,3059,3111,3158,3200,3229,3241,3243,3259,3260,3270,3261,3258,3260,3264,3292,3304,3300,3280,3260,3260,3247,3244,3231,3219,3213,3209,3219,3228,3247,3253,3249
11238,1976.0,2003.0,2025.0,2041.0,2059,2082,2124,2159,2201,2218,2238,2256,2287,2324,2340,2364,2389,2418,2433,2467,2500,2534,2539,2541,2534,2537,2551,2556,2565,2577,2595,2603,2599,2607,2640,2670,2679,2679,2701,2724,2742,2751,2745,2735,2708,2695,2711,2718,2728,2745,2752,2760,2750,2743,2726,2706,2689,2675,2689,2697,2708,2712,2711,2697,2686,2676,2683,2698,2727,2752
11372,1642.0,1642.0,1658.0,1688.0,1722,1754,1769,1776,1771,1756,1741,1744,1756,1776,1786,1805,1807,1812,1816,1827,1844,1860,1885,1923,1959,1982,1991,1984,1986,1999,2012,2038,2055,2091,2100,2096,2086,2091,2114,2126,2124,2115,2118,2125,2156,2186,2223,2243,2254,2247,2238,2226,2224,2222,2227,2221,2205,2181,2163,2164,2164,2167,2165,2173,2180,2180,2172,2158,2146,2131
11233,1578.0,1584.0,1581.0,1586.0,1591,1616,1636,1656,1663,1669,1672,1685,1682,1694,1699,1715,1726,1751,1779,1809,1826,1857,1890,1929,1935,1940,1962,1981,2002,2021,2055,2082,2113,2136,2159,2166,2184,2202,2236,2258,2277,2276,2265,2259,2275,2288,2306,2322,2331,2336,2333,2331,2333,2335,2330,2320,2309,2297,2303,2321,2336,2343,2344,2343,2341,2336,2334,2340,2346,2353
11223,1609.0,1614.0,1625.0,1634.0,1636,1642,1653,1671,1689,1686,1681,1658,1666,1673,1686,1692,1707,1730,1762,1780,1780,1763,1749,1748,1765,1797,1830,1854,1876,1875,1868,1874,1884,1926,1968,2003,2012,2001,1993,2012,2030,2050,2065,2077,2106,2122,2143,2151,2161,2183,2192,2207,2215,2225,2223,2220,2223,2232,2248,2257,2263,2273,2282,2276,2255,2235,2225,2226,2232,2242
10021,3072.0,3088.0,3121.0,3147.0,3143,3135,3115,3127,3171,3239,3283,3274,3272,3263,3262,3250,3303,3372,3444,3436,3368,3320,3300,3318,3330,3366,3387,3390,3366,3343,3359,3377,3401,3435,3545,3615,3677,3695,3712,3725,3749,3771,3799,3805,3825,3815,3780,3728,3683,3689,3728,3822,3880,3893,3835,3803,3768,3720,3715,3688,3695,3686,3669,3643,3618,3620,3632,3669,3696,3722
11218,1680.0,1671.0,1679.0,1686.0,1691,1693,1709,1731,1752,1758,1762,1746,1754,1766,1794,1815,1841,1878,1922,1961,1980,1992,1995,2022,2061,2108,2128,2136,2135,2126,2115,2109,2098,2095,2111,2142,2166,2170,2158,2172,2195,2211,2212,2203,2222,2242,2269,2270,2272,2282,2288,2295,2289,2293,2293,2294,2294,2296,2312,2313,2313,2307,2310,2305,2292,2276,2263,2260,2265,2277
11208,1566.0,1578.0,1583.0,1594.0,1602,1631,1651,1663,1663,1656,1654,1666,1672,1692,1709,1729,1738,1758,1795,1831,1834,1846,1852,1877,1870,1871,1883,1894,1909,1932,1961,2012,2066,2108,2117,2122,2121,2105,2099,2097,2112,2103,2098,2097,2124,2153,2185,2220,2243,2274,2287,2295,2291,2288,2274,2246,2226,2208,2216,2236,2259,2266,2269,2262,2257,2244,2227,2204,2193,2191
11204,1616.0,1618.0,1620.0,1626.0,1625,1636,1651,1673,1686,1684,1679,1655,1660,1658,1657,1659,1676,1712,1743,1756,1745,1724,1701,1689,1711,1754,1803,1833,1847,1838,1839,1856,1865,1889,1924,1963,1986,1974,1966,1982,2011,2029,2045,2056,2101,2130,2155,2157,2170,2198,2212,2223,2220,2216,2208,2205,2209,2216,2225,2227,2235,2246,2258,2263,2260,2254,2242,2232,2222,2225
10032,2048.0,2043.0,2057.0,2070.0,2102,2131,2136,2118,2083,2039,1987,1961,1982,2002,2049,2063,2098,2083,2057,2073,2120,2195,2206,2211,2153,2131,2081,2111,2147,2158,2161,2136,2120,2128,2182,2266,2341,2423,2474,2497,2496,2524,2573,2630,2679,2706,2778,2813,2836,2806,2783,2768,2762,2782,2805,2806,2789,2781,2784,2776,2767,2772,2779,2779,2769,2768,2777,2799,2813,2822
11219,1642.0,1648.0,1649.0,1649.0,1650,1653,1667,1683,1698,1696,1698,1675,1683,1679,1685,1698,1729,1776,1803,1818,1803,1795,1782,1774,1796,1841,1889,1918,1925,1914,1915,1930,1951,1979,2006,2028,2039,2031,2023,2038,2056,2071,2082,2093,2123,2144,2167,2182,2206,2237,2249,2253,2242,2238,2236,2241,2248,2252,2256,2253,2264,2278,2294,2304,2309,2309,2301,2290,2279,2280
11225,1621.0,1632.0,1651.0,1672.0,1682,1693,1703,1716,1719,1731,1744,1758,1772,1790,1817,1836,1858,1886,1917,1954,1976,1996,2006,2027,2043,2073,2091,2099,2101,2100,2110,2120,2147,2160,2168,2166,2160,2159,2158,2182,2214,2249,2266,2280,2288,2293,2317,2337,2348,2338,2321,2316,2316,2326,2330,2332,2331,2327,2338,2349,2361,2373,2382,2376,2358,2328,2303,2290,2299,2322
11213,1604.0,1608.0,1610.0,1619.0,1626,1646,1662,1675,1671,1670,1674,1682,1684,1684,1702,1722,1751,1788,1826,1865,1880,1901,1906,1923,1916,1932,1949,1967,1986,1995,2003,2014,2054,2091,2116,2134,2157,2195,2216,2235,2245,2252,2251,2251,2261,2270,2291,2311,2319,2314,2305,2302,2307,2318,2327,2330,2327,2321,2337,2358,2373,2377,2382,2373,2355,2330,2316,2315,2318,2329
11368,1655.0,1674.0,1697.0,1726.0,1746,1763,1775,1779,1771,1748,1732,1730,1735,1750,1755,1771,1777,1792,1817,1837,1849,1854,1876,1906,1954,1986,2005,2003,2012,2028,2035,2055,2086,2152,2192,2200,2179,2171,2178,2189,2194,2198,2194,2189,2209,2241,2289,2314,2336,2336,2333,2329,2331,2326,2323,2317,2295,2265,2250,2243,2244,2246,2253,2258,2264,2270,2281,2295,2311,2309
11203,1537.0,1530.0,1528.0,1527.0,1541,1560,1586,1602,1608,1620,1641,1675,1695,1711,1731,1738,1759,1784,1804,1822,1833,1851,1853,1869,1874,1904,1931,1965,1982,1979,1973,1982,1992,1990,1960,1947,1923,1914,1902,1900,1891,1893,1906,1928,1954,1970,1995,2008,2019,2026,2026,2040,2056,2087,2108,2122,2141,2158,2192,2219,2236,2242,2252,2248,2238,2218,2200,2183,2177,2195
11220,1655.0,1664.0,1667.0,1678.0,1690,1698,1709,1708,1716,1712,1720,1709,1715,1717,1742,1760,1785,1816,1840,1872,1874,1872,1862,1852,1869,1887,1918,1938,1958,1969,1974,1984,1992,2007,2016,2032,2038,2047,2047,2057,2061,2059,2057,2064,2097,2134,2165,2192,2208,2227,2231,2237,2233,2238,2241,2245,2242,2239,2242,2245,2245,2252,2260,2268,2270,2273,2280,2280,2276,2275
10031,2282.0,2316.0,2337.0,2339.0,2349,2359,2351,2332,2307,2282,2229,2193,2198,2210,2247,2260,2281,2297,2311,2338,2360,2384,2388,2386,2328,2315,2306,2359,2391,2360,2345,2304,2308,2358,2460,2588,2665,2718,2752,2770,2813,2850,2894,2938,2967,2974,3019,3025,3043,3014,3000,3004,3001,3037,3053,3060,3040,3017,3003,2985,2986,2993,2990,2982,2966,2973,2981,2997,3006,3006
10014,3465.0,3397.0,3362.0,3389.0,3435,3485,3486,3487,3481,3474,3478,3456,3468,3481,3493,3493,3520,3593,3632,3633,3575,3583,3649,3703,3727,3754,3772,3772,3774,3815,3853,3901,3975,4065,4252,4395,4486,4507,4538,4558,4574,4504,4481,4485,4538,4560,4487,4447,4394,4486,4586,4678,4726,4725,4719,4695,4646,4559,4537,4475,4425,4381,4327,4290,4255,4265,4288,4337,4383,4416
11216,1668.0,1666.0,1666.0,1679.0,1698,1729,1760,1798,1818,1831,1830,1827,1828,1837,1859,1884,1904,1937,1966,2003,2035,2082,2111,2138,2154,2188,2219,2236,2254,2255,2271,2278,2305,2320,2348,2373,2397,2418,2438,2450,2450,2446,2436,2426,2411,2404,2424,2446,2463,2462,2454,2451,2453,2462,2467,2467,2462,2452,2453,2457,2463,2470,2476,2480,2478,2467,2456,2459,2470,2485
10466,1535.0,1537.0,1538.0,1535.0,1547,1563,1584,1599,1612,1613,1613,1603,1598,1591,1587,1589,1596,1603,1611,1615,1606,1604,1616,1630,1643,1656,1665,1661,1644,1629,1621,1630,1641,1654,1670,1677,1683,1688,1694,1705,1716,1728,1733,1724,1724,1737,1778,1802,1824,1846,1859,1869,1870,1862,1848,1835,1824,1815,1813,1794,1771,1755,1756,1776,1793,1807,1819,1839,1861,1878
11354,1707.0,1713.0,1725.0,1743.0,1755,1763,1768,1774,1772,1769,1777,1801,1819,1827,1822,1822,1822,1836,1853,1872,1888,1897,1910,1924,1943,1961,1974,1978,1987,2006,2022,2051,2066,2098,2115,2125,2124,2127,2143,2158,2170,2171,2173,2167,2184,2194,2217,2225,2231,2229,2230,2235,2251,2259,2262,2254,2235,2217,2210,2208,2209,2216,2224,2230,2229,2220,2212,2209,2217,2225
11374,1657.0,1654.0,1663.0,1687.0,1713,1737,1756,1767,1758,1742,1725,1724,1732,1747,1758,1767,1775,1789,1812,1830,1846,1853,1867,1890,1932,1966,1983,1981,1984,1990,1997,2024,2052,2094,2104,2097,2085,2094,2117,2131,2127,2121,2112,2107,2128,2162,2211,2239,2253,2247,2238,2236,2246,2244,2235,2216,2191,2162,2146,2136,2133,2133,2135,2142,2148,2153,2153,2150,2143,2134
10473,1539.0,1530.0,1528.0,1533.0,1552,1571,1587,1595,1607,1611,1616,1619,1616,1612,1609,1608,1612,1625,1637,1643,1639,1628,1628,1633,1641,1642,1652,1655,1663,1656,1657,1661,1679,1694,1707,1721,1725,1733,1737,1747,1755,1767,1778,1781,1789,1797,1816,1831,1840,1850,1854,1860,1850,1836,1815,1803,1796,1800,1807,1808,1798,1788,1784,1784,1788,1803,1827,1847,1852,1848
10033,1923.0,1919.0,1918.0,1947.0,1962,1997,2006,2003,1978,1950,1916,1903,1924,1942,1992,2000,2033,2013,1988,2007,2065,2148,2157,2168,2100,2072,2021,2019,2043,2046,2052,2016,1982,1997,2058,2175,2271,2355,2393,2394,2388,2413,2469,2523,2566,2579,2652,2665,2660,2607,2592,2610,2623,2654,2680,2691,2683,2659,2639,2625,2617,2631,2644,2648,2632,2618,2617,2635,2652,2655
11210,1595.0,1586.0,1584.0,1579.0,1578,1586,1605,1621,1632,1647,1652,1657,1653,1668,1678,1696,1710,1746,1773,1788,1775,1748,1730,1722,1734,1762,1798,1840,1876,1883,1887,1896,1914,1939,1959,1993,2004,1992,1978,1969,1969,1974,1989,2020,2066,2097,2110,2114,2122,2133,2134,2138,2151,2174,2191,2199,2207,2222,2247,2275,2297,2320,2343,2347,2330,2300,2275,2258,2253,2265
10451,1527.0,1514.0,1504.0,1513.0,1517,1523,1520,1531,1545,1555,1542,1534,1521,1514,1528,1539,1563,1582,1597,1603,1604,1604,1607,1627,1616,1594,1568,1547,1546,1550,1566,1576,1592,1606,1618,1642,1653,1665,1670,1685,1699,1709,1716,1716,1724,1727,1744,1772,1787,1794,1796,1796,1783,1769,1756,1751,1749,1764,1779,1804,1806,1810,1811,1807,1795,1792,1803,1819,1823,1812
10036,3273.0,3253.0,3249.0,3255.0,3283,3285,3285,3283,3305,3338,3371,3376,3379,3372,3360,3346,3341,3368,3396,3419,3401,3407,3444,3475,3499,3520,3539,3536,3538,3540,3549,3568,3628,3693,3764,3807,3843,3865,3896,3946,3988,4002,3987,3954,3931,3902,3818,3747,3703,3738,3756,3787,3800,3818,3817,3824,3808,3774,3753,3727,3723,3722,3732,3731,3722,3715,3724,3746,3755,3753
11434,1620.0,1615.0,1604.0,1596.0,1602,1613,1630,1636,1638,1640,1647,1666,1677,1676,1673,1669,1681,1695,1708,1723,1736,1746,1755,1765,1779,1803,1832,1856,1864,1868,1864,1866,1869,1873,1876,1872,1862,1869,1897,1930,1951,1949,1953,1953,1989,2024,2067,2086,2093,2101,2107,2123,2130,2139,2140,2150,2152,2160,2173,2197,2209,2212,2195,2173,2152,2149,2159,2178,2186,2187
11224,1673.0,1676.0,1683.0,1679.0,1679,1676,1684,1683,1690,1688,1699,1712,1733,1752,1759,1760,1752,1761,1772,1812,1840,1857,1855,1860,1892,1921,1944,1942,1939,1937,1942,1946,1955,1991,2031,2053,2046,2031,2043,2085,2122,2151,2174,2191,2207,2199,2193,2194,2200,2210,2214,2224,2224,2221,2217,2221,2233,2245,2262,2271,2277,2281,2290,2297,2307,2306,2299,2281,2273,2276
10306,1825.0,1815.0,1814.0,1823.0,1844,1866,1882,1862,1830,1807,1829,1879,1918,1949,1970,1984,1982,1983,1999,2029,2052,2070,2080,2079,2051,2026,2017,2024,2038,2045,2039,2092,2161,2235,2248,2252,2242,2224,2210,2207,2216,2222,2219,2179,2137,2102,2099,2105,2112,2132,2144,2149,2143,2153,2163,2167,2158,2151,2153,2169,2179,2198,2215,2227,2234,2222,2223,2219,2232,2238
10010,3204.0,3168.0,3185.0,3200.0,3225,3244,3253,3260,3287,3315,3352,3344,3342,3329,3299,3291,3311,3376,3413,3417,3377,3376,3433,3478,3522,3541,3552,3549,3551,3552,3553,3594,3651,3694,3798,3877,3971,4019,4068,4109,4117,4078,4066,4038,4045,4021,3938,3863,3808,3878,3919,3962,3995,4016,4002,3966,3909,3853,3852,3824,3801,3770,3745,3720,3695,3699,3726,3791,3840,3888
11691,1600.0,1600.0,1597.0,1592.0,1594,1604,1628,1643,1650,1643,1641,1650,1656,1654,1651,1653,1671,1684,1699,1709,1723,1736,1745,1752,1761,1777,1798,1818,1827,1834,1834,1841,1839,1849,1854,1867,1870,1889,1923,1953,1965,1951,1940,1930,1961,1995,2031,2043,2053,2060,2055,2060,2060,2077,2077,2083,2078,2081,2096,2116,2129,2130,2123,2115,2111,2115,2125,2136,2139,2137
10312,1822.0,1809.0,1801.0,1808.0,1823,1832,1827,1807,1788,1791,1805,1841,1869,1904,1937,1961,1982,2001,2023,2042,2061,2086,2109,2111,2072,2030,2007,2015,2037,2064,2083,2133,2166,2195,2193,2211,2241,2264,2288,2293,2288,2258,2222,2173,2150,2137,2143,2146,2140,2143,2145,2142,2128,2132,2156,2187,2204,2212,2220,2232,2240,2252,2263,2281,2301,2317,2330,2330,2334,2332
10469,1548.0,1528.0,1520.0,1520.0,1522,1523,1528,1544,1566,1579,1580,1586,1580,1582,1584,1585,1592,1603,1616,1619,1615,1610,1613,1625,1637,1646,1656,1656,1650,1636,1627,1625,1637,1653,1672,1696,1706,1715,1722,1739,1757,1770,1776,1768,1765,1765,1789,1809,1822,1832,1834,1837,1831,1829,1822,1818,1803,1792,1787,1776,1752,1733,1732,1745,1759,1770,1779,1789,1793,1791
10461,1554.0,1536.0,1526.0,1518.0,1519,1524,1533,1547,1559,1566,1565,1579,1579,1583,1586,1587,1589,1603,1617,1629,1631,1628,1629,1638,1637,1635,1641,1640,1646,1641,1644,1643,1659,1673,1691,1714,1720,1731,1739,1757,1768,1775,1778,1769,1767,1766,1789,1815,1828,1834,1836,1840,1838,1833,1822,1813,1798,1789,1788,1782,1761,1742,1735,1737,1740,1747,1759,1773,1776,1771
11106,1687.0,1680.0,1705.0,1766.0,1820,1857,1863,1863,1840,1824,1817,1851,1873,1888,1885,1892,1899,1912,1928,1958,1981,1997,2024,2064,2105,2149,2173,2193,2210,2242,2263,2281,2304,2335,2362,2372,2392,2405,2420,2403,2388,2366,2359,2353,2376,2404,2435,2438,2442,2437,2433,2405,2404,2392,2395,2379,2355,2327,2320,2304,2287,2275,2272,2277,2268,2266,2262,2269,2274,2273
10022,3229.0,3200.0,3209.0,3215.0,3232,3246,3243,3276,3323,3378,3387,3350,3323,3300,3265,3271,3315,3418,3494,3488,3428,3405,3464,3511,3552,3585,3614,3611,3582,3553,3552,3591,3629,3683,3800,3903,4016,4062,4076,4061,4058,4055,4065,4046,4058,4039,3980,3920,3873,3916,3999,4103,4168,4137,4060,4000,3945,3883,3870,3832,3815,3805,3798,3799,3805,3840,3894,3962,4008,4044
11432,1661.0,1665.0,1673.0,1681.0,1689,1693,1702,1708,1710,1707,1706,1709,1719,1724,1727,1730,1738,1749,1763,1776,1797,1819,1850,1887,1922,1956,1975,1988,1992,1995,2001,2028,2053,2080,2090,2100,2106,2122,2137,2158,2168,2183,2190,2192,2206,2226,2253,2252,2250,2245,2246,2252,2269,2284,2292,2290,2274,2255,2250,2248,2247,2241,2241,2240,2243,2246,2251,2255,2258,2257
10065,3326.0,3271.0,3293.0,3319.0,3343,3350,3342,3378,3419,3468,3478,3455,3428,3379,3347,3359,3443,3572,3668,3657,3576,3528,3557,3627,3663,3692,3701,3689,3646,3619,3617,3667,3705,3790,3933,4072,4183,4234,4277,4285,4299,4297,4315,4317,4383,4404,4337,4265,4218,4291,4352,4430,4477,4464,4404,4347,4300,4239,4223,4189,4176,4168,4166,4163,4159,4171,4204,4240,4263,4267
11222,2020.0,2041.0,2052.0,2092.0,2150,2228,2275,2306,2315,2309,2311,2308,2307,2334,2359,2418,2433,2451,2463,2505,2526,2549,2546,2546,2573,2600,2628,2626,2632,2624,2627,2617,2614,2619,2637,2650,2677,2694,2704,2709,2717,2711,2707,2703,2727,2744,2771,2772,2795,2800,2810,2799,2776,2759,2763,2783,2803,2816,2821,2820,2834,2850,2852,2844,2846,2850,2857,2856,2853,2845
10459,1552.0,1529.0,1514.0,1518.0,1537,1555,1577,1590,1606,1608,1603,1610,1594,1591,1594,1604,1623,1639,1645,1636,1621,1604,1610,1634,1646,1650,1646,1644,1643,1639,1629,1628,1640,1665,1693,1722,1723,1732,1740,1754,1768,1782,1795,1798,1791,1781,1790,1811,1826,1844,1853,1859,1849,1834,1819,1812,1813,1815,1830,1827,1811,1792,1780,1771,1764,1771,1791,1811,1825,1835
11435,1628.0,1627.0,1623.0,1619.0,1628,1635,1655,1666,1672,1667,1663,1671,1682,1683,1682,1682,1694,1704,1713,1728,1755,1779,1796,1804,1817,1837,1859,1874,1873,1871,1867,1878,1891,1909,1920,1931,1930,1942,1968,2000,2019,2026,2037,2041,2064,2088,2112,2115,2122,2133,2139,2149,2148,2152,2149,2149,2134,2121,2121,2138,2151,2153,2143,2134,2134,2142,2145,2145,2138,2133
11205,1977.0,2009.0,2027.0,2078.0,2116,2158,2176,2185,2196,2200,2223,2243,2288,2312,2324,2327,2354,2387,2418,2471,2511,2541,2529,2511,2505,2515,2534,2548,2561,2568,2582,2588,2594,2615,2650,2666,2663,2651,2662,2674,2694,2706,2703,2695,2671,2663,2681,2693,2705,2733,2754,2771,2756,2744,2736,2727,2716,2702,2719,2723,2732,2733,2736,2728,2725,2724,2737,2746,2770,2791
10026,2583.0,2575.0,2587.0,2571.0,2583,2573,2572,2557,2589,2636,2661,2649,2661,2706,2750,2788,2799,2787,2761,2762,2752,2760,2752,2761,2784,2834,2873,2915,2939,2960,2975,2976,2998,3021,3070,3106,3118,3139,3159,3215,3258,3294,3314,3333,3334,3326,3335,3339,3344,3329,3316,3301,3307,3331,3359,3373,3363,3351,3349,3354,3358,3346,3333,3322,3325,3335,3347,3362,3359,3355
11217,2160.0,2195.0,2226.0,2256.0,2292,2315,2353,2364,2385,2383,2403,2423,2477,2521,2548,2560,2575,2591,2597,2622,2651,2686,2705,2686,2661,2649,2665,2679,2694,2700,2718,2725,2726,2738,2764,2791,2797,2802,2826,2860,2878,2879,2856,2842,2816,2812,2832,2839,2845,2855,2849,2849,2835,2836,2828,2819,2805,2792,2801,2800,2797,2789,2780,2768,2770,2782,2808,2827,2850,2869
11237,1697.0,1714.0,1722.0,1743.0,1756,1789,1805,1816,1820,1824,1825,1825,1823,1832,1840,1855,1885,1927,1994,2061,2113,2164,2209,2276,2328,2369,2393,2384,2369,2348,2337,2332,2341,2345,2341,2334,2341,2356,2376,2405,2443,2472,2482,2487,2493,2505,2538,2560,2567,2545,2533,2533,2533,2537,2535,2532,2528,2522,2520,2521,2525,2532,2540,2540,2533,2521,2513,2509,2508,2506
11365,1760.0,1761.0,1775.0,1790.0,1801,1813,1828,1841,1842,1846,1846,1877,1899,1922,1936,1961,1981,1977,1960,1949,1959,1972,2001,2051,2092,2130,2139,2131,2116,2114,2116,2127,2153,2195,2229,2240,2236,2225,2229,2233,2245,2272,2299,2327,2351,2370,2388,2395,2390,2383,2376,2377,2382,2391,2408,2427,2438,2449,2462,2487,2494,2495,2496,2504,2519,2536,2552,2563,2570,2569
11103,1708.0,1712.0,1740.0,1788.0,1841,1866,1875,1862,1839,1815,1806,1831,1843,1847,1846,1850,1852,1856,1880,1914,1940,1945,1953,1973,2007,2039,2068,2086,2104,2144,2175,2229,2275,2347,2402,2432,2452,2480,2508,2513,2497,2475,2441,2407,2410,2435,2466,2471,2476,2462,2432,2391,2378,2378,2387,2379,2354,2319,2299,2290,2281,2277,2276,2284,2288,2293,2297,2300,2305,2297
11367,1685.0,1678.0,1686.0,1702.0,1715,1731,1747,1769,1768,1759,1741,1743,1744,1751,1757,1770,1784,1798,1821,1839,1861,1871,1895,1935,1986,2025,2034,2028,2020,2025,2031,2058,2087,2130,2153,2161,2159,2160,2169,2180,2191,2198,2196,2192,2210,2229,2243,2236,2228,2223,2225,2229,2242,2242,2241,2222,2196,2165,2151,2153,2158,2167,2174,2180,2183,2179,2173,2163,2156,2149
10035,2348.0,2372.0,2372.0,2354.0,2338,2354,2371,2377,2353,2344,2325,2309,2309,2311,2366,2406,2445,2431,2409,2401,2416,2422,2418,2425,2448,2481,2491,2511,2535,2534,2518,2486,2490,2514,2560,2600,2608,2622,2640,2673,2709,2728,2764,2791,2812,2823,2881,2903,2924,2893,2876,2878,2880,2906,2913,2916,2902,2897,2901,2900,2900,2908,2909,2910,2904,2918,2932,2950,2955,2963
10075,2949.0,2969.0,2998.0,3017.0,3008,3007,3003,3026,3066,3131,3163,3151,3121,3116,3118,3133,3175,3231,3278,3270,3222,3185,3150,3144,3146,3180,3201,3209,3207,3178,3178,3162,3180,3204,3297,3355,3420,3444,3479,3488,3507,3512,3534,3555,3574,3563,3538,3507,3494,3512,3560,3622,3654,3659,3617,3585,3541,3509,3517,3505,3502,3478,3451,3426,3408,3417,3428,3455,3466,3473
11102,1703.0,1708.0,1741.0,1802.0,1854,1880,1882,1881,1870,1856,1838,1859,1877,1890,1881,1876,1886,1906,1931,1960,1974,1978,2009,2045,2096,2140,2171,2181,2178,2198,2229,2273,2318,2362,2387,2395,2403,2416,2429,2419,2409,2392,2379,2360,2362,2386,2419,2429,2424,2408,2396,2383,2391,2395,2398,2384,2364,2341,2334,2323,2310,2301,2295,2297,2290,2286,2279,2278,2282,2281
11101,1844.0,1836.0,1846.0,1886.0,1931,1969,1983,1964,1940,1912,1924,1956,2020,2059,2095,2111,2130,2159,2186,2224,2240,2255,2265,2282,2316,2381,2431,2485,2508,2524,2530,2523,2529,2544,2582,2615,2623,2608,2567,2521,2487,2481,2496,2528,2565,2592,2592,2581,2574,2561,2570,2564,2568,2545,2528,2521,2513,2512,2509,2502,2498,2509,2528,2551,2576,2599,2619,2632,2637,2633
11231,2097.0,2121.0,2129.0,2161.0,2206,2241,2286,2289,2301,2306,2341,2378,2440,2490,2514,2521,2544,2595,2635,2686,2735,2785,2798,2755,2703,2672,2686,2704,2725,2729,2735,2736,2734,2739,2757,2779,2802,2845,2889,2930,2929,2909,2872,2861,2850,2860,2885,2897,2902,2901,2903,2905,2903,2895,2888,2873,2848,2822,2810,2796,2779,2774,2772,2769,2780,2803,2832,2853,2865,2870
10301,1824.0,1815.0,1813.0,1815.0,1824,1826,1826,1809,1795,1787,1804,1834,1871,1909,1946,1978,1998,1999,1998,2013,2041,2062,2046,1999,1946,1905,1891,1892,1908,1924,1936,1948,1970,1999,2037,2077,2102,2103,2097,2103,2118,2127,2116,2104,2096,2101,2105,2113,2121,2138,2139,2129,2101,2115,2145,2172,2155,2128,2108,2115,2135,2155,2167,2158,2146,2121,2114,2103,2102,2096
10001,3292.0,3264.0,3281.0,3311.0,3343,3358,3342,3333,3347,3371,3420,3415,3422,3408,3384,3370,3380,3431,3465,3478,3448,3466,3534,3584,3632,3647,3653,3625,3614,3612,3616,3645,3700,3737,3830,3888,3948,3997,4057,4111,4125,4095,4082,4053,4049,4033,3951,3884,3841,3910,3960,4012,4069,4100,4102,4076,4025,3962,3951,3913,3885,3862,3833,3810,3779,3772,3793,3860,3916,3954
10304,1799.0,1799.0,1805.0,1810.0,1829,1843,1850,1833,1819,1820,1833,1865,1896,1934,1964,1985,1991,1987,1982,2003,2034,2063,2061,2030,1988,1959,1953,1964,1978,1992,2000,2008,2021,2041,2070,2100,2115,2101,2087,2083,2099,2114,2118,2108,2095,2087,2089,2094,2098,2096,2090,2080,2063,2063,2072,2089,2089,2077,2062,2062,2072,2093,2109,2108,2099,2082,2084,2085,2091,2085
11249,2374.0,2391.0,2403.0,2442.0,2485,2536,2576,2605,2618,2630,2672,2715,2743,2779,2788,2796,2779,2798,2818,2848,2851,2859,2848,2824,2819,2828,2855,2865,2879,2876,2881,2895,2915,2934,2921,2898,2884,2889,2893,2915,2943,2967,2991,3000,3023,3032,3048,3053,3074,3100,3126,3130,3125,3122,3113,3099,3074,3064,3072,3083,3112,3139,3165,3179,3196,3203,3209,3204,3210,3215
10305,1804.0,1803.0,1808.0,1815.0,1838,1863,1879,1866,1849,1837,1834,1850,1859,1892,1922,1953,1954,1936,1923,1952,1997,2036,2051,2037,1993,1955,1936,1949,1965,1988,2001,2011,2021,2040,2068,2099,2110,2099,2089,2080,2098,2115,2130,2115,2097,2081,2086,2096,2111,2122,2123,2115,2095,2090,2091,2102,2097,2088,2077,2078,2088,2110,2136,2145,2145,2129,2121,2121,2133,2142
11357,1748.0,1756.0,1760.0,1766.0,1769,1779,1798,1812,1813,1813,1819,1844,1863,1890,1908,1926,1934,1946,1952,1952,1954,1953,1965,1994,2032,2059,2063,2049,2039,2036,2036,2064,2101,2148,2174,2182,2179,2165,2169,2183,2210,2227,2237,2239,2262,2287,2322,2334,2329,2320,2315,2320,2329,2337,2346,2353,2348,2342,2336,2334,2327,2331,2346,2363,2374,2384,2395,2406,2411,2409
11105,1735.0,1742.0,1772.0,1815.0,1852,1867,1875,1880,1869,1854,1846,1865,1879,1886,1893,1900,1909,1918,1937,1962,1970,1961,1963,1985,2028,2081,2117,2129,2126,2146,2171,2219,2271,2342,2390,2410,2422,2434,2448,2453,2458,2456,2443,2415,2420,2443,2479,2484,2478,2457,2419,2385,2376,2386,2397,2388,2361,2329,2312,2302,2290,2288,2291,2300,2299,2293,2286,2290,2297,2297
10465,1579.0,1567.0,1557.0,1549.0,1561,1579,1590,1594,1598,1603,1601,1602,1601,1608,1618,1623,1623,1630,1640,1653,1653,1647,1645,1651,1656,1655,1658,1664,1678,1677,1683,1679,1695,1705,1720,1734,1735,1737,1737,1747,1753,1759,1761,1762,1771,1788,1814,1836,1849,1860,1863,1865,1856,1847,1842,1843,1839,1835,1825,1814,1801,1798,1806,1823,1839,1856,1871,1881,1879,1870
11364,1710.0,1710.0,1719.0,1741.0,1756,1769,1780,1794,1798,1794,1793,1805,1810,1813,1811,1827,1837,1848,1859,1875,1887,1891,1904,1945,2001,2055,2084,2087,2090,2093,2098,2105,2122,2153,2184,2192,2194,2182,2188,2193,2201,2209,2221,2223,2247,2269,2295,2297,2293,2291,2284,2278,2277,2280,2282,2278,2257,2238,2227,2228,2224,2225,2230,2242,2253,2259,2262,2262,2263,2264
11104,1674.0,1682.0,1701.0,1738.0,1762,1782,1790,1794,1786,1766,1756,1770,1787,1805,1812,1821,1829,1832,1846,1869,1895,1914,1933,1964,1991,2020,2051,2081,2127,2163,2189,2215,2243,2288,2320,2334,2349,2357,2370,2348,2317,2296,2279,2273,2289,2321,2351,2352,2346,2339,2334,2323,2326,2326,2329,2315,2289,2253,2240,2235,2219,2205,2186,2187,2185,2192,2194,2195,2194,2187
11358,1756.0,1764.0,1779.0,1796.0,1807,1813,1823,1829,1826,1829,1850,1900,1931,1956,1965,1983,2000,2007,2001,1993,1996,1997,2008,2040,2079,2109,2113,2096,2078,2076,2079,2111,2149,2203,2238,2246,2242,2230,2238,2249,2262,2279,2287,2290,2306,2327,2364,2380,2382,2379,2379,2382,2388,2397,2413,2423,2419,2416,2421,2431,2419,2408,2398,2405,2421,2446,2474,2498,2514,2514
10030,2144.0,2158.0,2179.0,2196.0,2212,2224,2234,2212,2173,2115,2049,2014,2035,2071,2122,2139,2152,2146,2126,2164,2204,2270,2266,2270,2217,2201,2172,2201,2226,2218,2209,2189,2185,2213,2302,2398,2454,2492,2527,2568,2614,2649,2693,2722,2755,2777,2850,2885,2909,2889,2871,2858,2856,2890,2915,2916,2898,2888,2890,2881,2880,2885,2884,2879,2876,2887,2903,2924,2941,2950
10017,3039.0,3048.0,3084.0,3106.0,3128,3141,3131,3157,3202,3244,3245,3208,3198,3210,3203,3209,3230,3296,3333,3330,3279,3263,3312,3356,3413,3439,3473,3475,3462,3438,3430,3433,3454,3476,3590,3682,3745,3745,3746,3769,3795,3797,3811,3804,3804,3783,3710,3640,3597,3647,3672,3673,3681,3678,3674,3657,3639,3613,3614,3577,3543,3512,3493,3489,3473,3471,3481,3530,3578,3609
10039,2100.0,2086.0,2082.0,2086.0,2103,2125,2107,2079,2031,1992,1944,1930,1963,1979,2030,2027,2050,2017,1993,2026,2093,2178,2186,2196,2134,2119,2064,2075,2102,2132,2162,2146,2125,2125,2180,2270,2324,2378,2421,2466,2494,2531,2582,2633,2679,2705,2763,2788,2805,2801,2797,2794,2784,2804,2820,2820,2801,2790,2797,2794,2794,2802,2820,2824,2814,2812,2823,2842,2855,2862
11228,1636.0,1646.0,1649.0,1652.0,1659,1680,1699,1711,1717,1714,1710,1670,1669,1666,1675,1679,1694,1721,1743,1769,1768,1766,1748,1738,1752,1792,1840,1876,1893,1887,1892,1898,1905,1918,1944,1969,1995,1998,2000,2022,2043,2060,2064,2070,2102,2136,2168,2182,2199,2221,2232,2239,2240,2239,2241,2247,2258,2266,2264,2253,2256,2269,2289,2306,2315,2319,2319,2311,2301,2299
10038,3215.0,3225.0,3253.0,3272.0,3316,3363,3389,3378,3362,3361,3395,3409,3406,3389,3394,3401,3406,3426,3441,3444,3404,3398,3440,3493,3494,3498,3526,3553,3571,3553,3563,3586,3646,3682,3759,3810,3841,3847,3853,3889,3908,3922,3911,3933,3964,3979,3902,3846,3806,3853,3858,3860,3877,3897,3900,3881,3850,3818,3823,3816,3799,3775,3754,3741,3725,3731,3754,3788,3812,3827
11379,1691.0,1709.0,1722.0,1741.0,1757,1775,1789,1792,1777,1748,1733,1737,1747,1770,1790,1816,1824,1829,1840,1850,1864,1869,1878,1882,1900,1921,1942,1937,1952,1974,2000,2038,2089,2171,2231,2260,2251,2249,2251,2253,2233,2215,2192,2186,2204,2228,2263,2283,2303,2305,2304,2309,2328,2344,2350,2345,2323,2295,2285,2282,2275,2266,2262,2262,2271,2283,2303,2323,2337,2335
11413,1619.0,1619.0,1607.0,1597.0,1602,1615,1640,1659,1669,1666,1668,1682,1694,1689,1680,1674,1685,1700,1715,1731,1745,1757,1765,1774,1787,1811,1838,1860,1869,1874,1871,1874,1868,1875,1875,1875,1864,1875,1918,1960,1987,1971,1956,1940,1979,2026,2079,2097,2105,2116,2124,2137,2140,2153,2156,2163,2162,2170,2188,2217,2233,2236,2215,2194,2175,2183,2204,2233,2243,2237
11420,1618.0,1617.0,1614.0,1609.0,1618,1624,1644,1651,1654,1649,1646,1662,1675,1675,1675,1679,1698,1714,1720,1726,1744,1764,1790,1804,1814,1824,1842,1857,1861,1858,1849,1851,1862,1874,1882,1886,1883,1896,1919,1950,1969,1981,1991,1994,2013,2035,2060,2071,2075,2085,2100,2119,2130,2139,2140,2154,2162,2175,2190,2214,2225,2228,2211,2190,2170,2167,2182,2201,2206,2201
11414,1624.0,1637.0,1637.0,1631.0,1626,1628,1643,1653,1656,1654,1653,1662,1673,1678,1691,1702,1724,1738,1748,1752,1765,1785,1817,1847,1871,1881,1890,1896,1904,1903,1897,1899,1912,1925,1934,1943,1942,1937,1936,1953,1971,1980,1992,2002,2032,2059,2079,2077,2075,2092,2115,2138,2136,2145,2147,2161,2157,2152,2152,2162,2169,2172,2163,2150,2142,2146,2153,2158,2156,2151
10309,1854.0,1837.0,1827.0,1829.0,1835,1835,1823,1801,1784,1774,1777,1781,1802,1833,1886,1933,1981,2027,2055,2069,2068,2094,2129,2138,2097,2043,2013,2011,2024,2031,2022,2046,2067,2103,2117,2149,2187,2232,2275,2302,2305,2277,2229,2159,2123,2110,2138,2164,2174,2184,2177,2161,2145,2144,2171,2196,2208,2205,2218,2224,2226,2218,2203,2195,2195,2208,2226,2248,2269,2280
11412,1617.0,1614.0,1610.0,1608.0,1618,1629,1646,1659,1667,1666,1669,1686,1703,1699,1692,1690,1699,1712,1720,1738,1753,1780,1800,1828,1844,1877,1906,1929,1931,1928,1923,1925,1929,1936,1931,1932,1923,1935,1961,1990,2012,2018,2028,2023,2059,2096,2152,2165,2172,2175,2179,2186,2193,2202,2204,2208,2202,2197,2208,2230,2244,2241,2223,2202,2184,2189,2206,2234,2242,2239
11361,1755.0,1763.0,1782.0,1802.0,1813,1816,1824,1831,1836,1840,1861,1898,1930,1944,1943,1956,1972,1986,1990,1989,1994,1991,1998,2027,2065,2100,2113,2103,2093,2090,2096,2123,2159,2209,2240,2252,2247,2234,2237,2244,2252,2268,2280,2286,2296,2312,2336,2349,2351,2352,2355,2358,2363,2362,2370,2379,2381,2382,2381,2387,2382,2380,2378,2390,2406,2425,2444,2454,2454,2447
10471,1626.0,1634.0,1643.0,1647.0,1666,1683,1702,1721,1747,1763,1756,1724,1700,1687,1682,1697,1723,1742,1750,1726,1700,1670,1670,1673,1683,1688,1697,1701,1702,1703,1713,1728,1736,1764,1785,1804,1804,1812,1832,1873,1905,1928,1940,1957,1970,1969,1975,1978,1991,2004,2006,2000,1982,1971,1971,1986,2007,2032,2054,2073,2087,2099,2103,2106,2093,2078,2071,2077,2089,2101
11421,1619.0,1628.0,1632.0,1632.0,1632,1630,1643,1650,1649,1642,1642,1657,1672,1674,1676,1678,1699,1718,1728,1730,1743,1771,1809,1834,1848,1857,1866,1877,1888,1894,1883,1882,1890,1905,1919,1921,1913,1913,1932,1960,1982,1994,2013,2028,2060,2080,2112,2123,2138,2158,2174,2183,2173,2171,2170,2177,2167,2155,2158,2171,2180,2180,2168,2155,2148,2153,2166,2184,2202,2214
11378,1675.0,1697.0,1714.0,1740.0,1761,1781,1789,1783,1765,1738,1732,1740,1754,1769,1780,1800,1807,1810,1822,1832,1844,1848,1857,1865,1887,1911,1939,1945,1975,2005,2039,2081,2128,2207,2259,2276,2261,2261,2276,2279,2249,2222,2196,2194,2219,2249,2284,2300,2320,2320,2310,2310,2329,2348,2351,2338,2309,2275,2260,2254,2249,2244,2243,2244,2247,2251,2261,2274,2286,2284
11419,1627.0,1629.0,1625.0,1619.0,1626,1632,1651,1657,1659,1647,1642,1657,1673,1675,1674,1677,1695,1713,1721,1730,1750,1775,1811,1833,1841,1843,1856,1870,1875,1868,1856,1860,1873,1892,1902,1909,1899,1909,1930,1964,1984,1996,2011,2020,2042,2061,2086,2095,2104,2122,2140,2155,2155,2158,2158,2170,2172,2173,2177,2192,2202,2204,2190,2172,2160,2165,2173,2182,2186,2192
11360,1749.0,1753.0,1758.0,1771.0,1786,1794,1810,1821,1831,1824,1828,1839,1857,1868,1871,1878,1877,1893,1902,1925,1934,1946,1955,1974,1992,2023,2047,2058,2053,2058,2061,2074,2091,2122,2150,2166,2173,2171,2174,2179,2196,2204,2211,2216,2243,2269,2294,2298,2293,2285,2283,2285,2296,2300,2303,2294,2274,2255,2239,2237,2237,2250,2267,2282,2286,2279,2272,2268,2269,2269
11433,1619.0,1614.0,1607.0,1602.0,1611,1621,1635,1641,1642,1643,1648,1664,1679,1683,1680,1678,1689,1700,1711,1728,1745,1762,1777,1798,1819,1848,1875,1897,1898,1898,1888,1893,1899,1910,1913,1916,1912,1922,1947,1978,2000,2011,2030,2036,2073,2101,2142,2149,2153,2161,2165,2173,2175,2178,2175,2174,2167,2166,2176,2190,2198,2195,2185,2169,2158,2158,2167,2183,2189,2188
10308,1823.0,1809.0,1803.0,1810.0,1829,1842,1842,1818,1794,1788,1811,1858,1894,1924,1942,1948,1945,1954,1981,2012,2035,2046,2059,2059,2029,1999,1987,2001,2025,2043,2044,2090,2137,2185,2195,2218,2241,2255,2271,2278,2276,2262,2244,2206,2173,2148,2144,2139,2129,2130,2129,2128,2122,2138,2166,2184,2189,2190,2197,2212,2218,2233,2248,2268,2284,2280,2277,2271,2280,2288
11418,1624.0,1632.0,1634.0,1633.0,1634,1635,1652,1661,1666,1654,1648,1656,1671,1675,1682,1688,1703,1713,1721,1733,1756,1785,1820,1836,1845,1855,1866,1880,1893,1910,1911,1919,1924,1944,1958,1975,1973,1979,1998,2030,2056,2066,2074,2080,2106,2128,2160,2168,2179,2192,2202,2204,2198,2196,2195,2197,2184,2167,2166,2176,2187,2193,2184,2170,2157,2156,2159,2166,2176,2184
11415,1632.0,1632.0,1632.0,1635.0,1644,1648,1665,1675,1682,1675,1662,1663,1674,1686,1693,1692,1701,1714,1730,1744,1768,1794,1815,1833,1852,1874,1889,1905,1916,1937,1953,1972,1983,1998,2005,2019,2024,2031,2048,2071,2086,2079,2065,2065,2088,2120,2139,2143,2147,2152,2158,2165,2155,2149,2143,2144,2138,2126,2121,2128,2134,2136,2132,2130,2133,2140,2138,2127,2108,2090
11423,1655.0,1660.0,1666.0,1677.0,1683,1686,1694,1706,1713,1714,1713,1725,1734,1732,1726,1723,1726,1733,1744,1763,1790,1818,1850,1891,1929,1969,1997,2008,2010,2007,2010,2035,2062,2087,2094,2104,2107,2118,2133,2150,2159,2175,2188,2186,2205,2226,2258,2254,2245,2239,2244,2258,2279,2294,2302,2302,2288,2274,2274,2287,2294,2290,2282,2274,2267,2268,2276,2289,2290,2284
11369,1667.0,1679.0,1706.0,1741.0,1770,1792,1804,1803,1793,1771,1769,1783,1793,1809,1811,1829,1831,1842,1856,1872,1886,1898,1924,1962,2003,2035,2046,2036,2033,2041,2046,2075,2091,2148,2175,2194,2182,2185,2196,2201,2196,2194,2195,2198,2225,2246,2286,2301,2320,2318,2317,2308,2320,2322,2331,2324,2308,2282,2273,2260,2250,2244,2249,2260,2271,2276,2279,2285,2299,2306
10310,1809.0,1812.0,1815.0,1822.0,1828,1828,1823,1794,1769,1748,1758,1779,1817,1861,1908,1932,1951,1957,1973,1996,2025,2041,2014,1970,1922,1892,1880,1883,1902,1920,1930,1956,1994,2036,2069,2110,2134,2136,2128,2129,2130,2116,2084,2066,2059,2069,2077,2093,2094,2086,2072,2065,2055,2089,2131,2170,2169,2159,2144,2148,2150,2160,2168,2166,2155,2137,2136,2118,2103,2085
10303,1811.0,1818.0,1826.0,1832.0,1829,1813,1792,1768,1758,1754,1766,1784,1815,1842,1873,1882,1909,1932,1964,1987,1998,1996,1963,1926,1884,1853,1843,1862,1897,1934,1950,1955,1967,1988,2030,2072,2098,2097,2086,2073,2059,2037,2007,1993,1993,2009,2018,2023,2017,2016,2010,1995,1974,1984,2021,2063,2073,2060,2036,2032,2031,2041,2042,2039,2028,2012,2000,1984,1974,1966
11694,1627.0,1637.0,1637.0,1634.0,1634,1641,1662,1668,1665,1655,1655,1667,1681,1686,1701,1718,1739,1747,1751,1757,1773,1795,1823,1851,1874,1889,1892,1886,1882,1877,1876,1886,1904,1915,1929,1940,1948,1945,1954,1974,2004,2023,2036,2048,2075,2107,2130,2129,2129,2145,2161,2178,2169,2174,2172,2183,2178,2172,2175,2184,2187,2190,2187,2183,2183,2191,2203,2208,2211,2212
11422,1617.0,1621.0,1612.0,1603.0,1608,1625,1657,1679,1687,1679,1676,1686,1701,1701,1695,1686,1695,1708,1721,1734,1747,1763,1770,1780,1792,1814,1840,1858,1867,1868,1864,1866,1861,1870,1870,1869,1858,1869,1913,1958,1991,1980,1969,1955,1991,2032,2081,2095,2097,2104,2102,2112,2108,2122,2120,2127,2126,2134,2151,2178,2194,2199,2187,2176,2166,2172,2189,2210,2216,2213
11232,1713.0,1716.0,1721.0,1725.0,1734,1731,1741,1745,1775,1787,1807,1807,1824,1830,1842,1841,1847,1866,1888,1922,1934,1940,1934,1930,1947,1972,2002,2020,2037,2068,2093,2116,2114,2112,2111,2119,2122,2138,2150,2167,2172,2160,2156,2159,2179,2201,2239,2275,2297,2305,2306,2318,2322,2327,2318,2308,2294,2285,2289,2289,2283,2277,2270,2269,2271,2274,2278,2278,2282,2291
11417,1620.0,1629.0,1630.0,1626.0,1627,1627,1640,1644,1644,1636,1633,1646,1660,1666,1670,1676,1697,1717,1731,1736,1747,1767,1798,1824,1838,1844,1852,1864,1878,1884,1879,1882,1890,1907,1919,1924,1917,1914,1926,1947,1966,1972,1982,1988,2016,2040,2070,2075,2082,2102,2128,2152,2149,2151,2151,2166,2166,2164,2168,2182,2191,2195,2180,2162,2149,2151,2165,2180,2190,2194
11427,1713.0,1721.0,1742.0,1770.0,1781,1782,1778,1793,1795,1798,1792,1807,1811,1810,1801,1795,1789,1792,1800,1814,1841,1880,1928,1992,2045,2097,2119,2122,2119,2116,2108,2112,2131,2159,2186,2196,2188,2175,2183,2201,2223,2252,2282,2288,2304,2311,2327,2317,2304,2287,2278,2272,2286,2294,2300,2296,2281,2265,2260,2278,2292,2299,2294,2285,2270,2257,2259,2278,2291,2290
11692,1597.0,1598.0,1595.0,1592.0,1597,1607,1631,1643,1645,1634,1630,1642,1652,1651,1649,1650,1669,1682,1690,1691,1703,1721,1743,1754,1763,1775,1791,1802,1807,1813,1820,1829,1839,1851,1859,1864,1868,1881,1914,1946,1957,1948,1941,1947,1972,1997,2017,2027,2035,2047,2046,2055,2055,2072,2071,2077,2076,2084,2100,2119,2131,2132,2128,2123,2121,2122,2126,2132,2130,2128
11370,1681.0,1699.0,1721.0,1755.0,1784,1809,1824,1825,1817,1798,1797,1810,1816,1828,1835,1848,1842,1844,1856,1870,1880,1886,1902,1930,1976,2016,2038,2039,2054,2073,2085,2107,2122,2175,2211,2233,2220,2211,2216,2223,2225,2228,2229,2232,2259,2284,2317,2328,2341,2343,2335,2324,2323,2325,2331,2332,2320,2297,2284,2268,2252,2242,2245,2254,2260,2261,2262,2268,2277,2276
11356,1687.0,1699.0,1710.0,1721.0,1726,1732,1746,1755,1755,1750,1750,1755,1758,1771,1777,1791,1795,1811,1831,1853,1858,1852,1861,1880,1927,1960,1988,1989,1997,2007,2016,2043,2076,2128,2158,2170,2154,2141,2139,2147,2162,2172,2183,2185,2203,2223,2257,2275,2288,2292,2284,2284,2290,2298,2297,2289,2271,2253,2243,2239,2237,2246,2259,2273,2277,2276,2272,2275,2285,2293
11429,1622.0,1628.0,1634.0,1642.0,1650,1655,1669,1691,1702,1705,1702,1712,1727,1721,1711,1700,1700,1710,1720,1745,1774,1820,1854,1892,1913,1958,1992,2011,2007,1999,2005,2016,2031,2030,2013,2009,2000,2011,2024,2043,2067,2088,2109,2101,2127,2158,2213,2225,2226,2216,2217,2231,2250,2260,2255,2249,2233,2224,2232,2256,2272,2272,2259,2244,2227,2225,2228,2244,2246,2242
11362,1732.0,1732.0,1742.0,1762.0,1777,1791,1802,1814,1817,1820,1827,1848,1856,1862,1861,1878,1887,1901,1911,1923,1931,1929,1933,1964,2007,2049,2069,2064,2066,2075,2095,2120,2150,2182,2208,2216,2220,2209,2213,2217,2225,2239,2247,2252,2274,2297,2322,2323,2316,2309,2308,2301,2300,2291,2287,2274,2250,2233,2229,2238,2242,2251,2262,2279,2288,2290,2285,2282,2283,2288
11411,1630.0,1626.0,1613.0,1606.0,1618,1634,1660,1679,1688,1684,1681,1696,1717,1716,1709,1699,1705,1720,1730,1751,1768,1803,1824,1856,1867,1907,1938,1966,1964,1956,1947,1941,1942,1942,1929,1909,1888,1898,1943,1986,2019,2023,2029,2020,2053,2092,2150,2165,2164,2156,2154,2161,2159,2159,2148,2153,2157,2173,2196,2239,2269,2275,2251,2226,2213,2230,2262,2300,2310,2301
10470,1534.0,1534.0,1541.0,1544.0,1560,1572,1590,1602,1620,1626,1628,1628,1618,1603,1587,1580,1581,1593,1606,1621,1625,1631,1637,1651,1657,1660,1656,1641,1624,1615,1619,1626,1633,1644,1666,1687,1690,1689,1695,1715,1733,1743,1743,1741,1754,1772,1806,1828,1844,1857,1862,1864,1863,1857,1845,1827,1807,1788,1779,1767,1755,1753,1764,1784,1792,1800,1805,1820,1832,1847
11426,1724.0,1727.0,1752.0,1778.0,1788,1799,1809,1828,1825,1827,1821,1841,1852,1861,1858,1851,1847,1841,1839,1842,1862,1897,1952,2027,2074,2110,2107,2108,2106,2109,2103,2108,2130,2153,2171,2176,2179,2180,2201,2214,2227,2246,2271,2284,2312,2331,2351,2341,2325,2309,2308,2305,2317,2311,2311,2307,2298,2291,2295,2316,2322,2316,2301,2293,2292,2298,2315,2337,2350,2350
10005,3337.0,3331.0,3357.0,3369.0,3404,3427,3433,3438,3440,3450,3491,3518,3547,3515,3489,3476,3487,3515,3525,3531,3503,3495,3512,3531,3530,3533,3565,3605,3626,3602,3610,3630,3700,3730,3805,3837,3863,3876,3885,3918,3934,3963,3965,3968,3971,3978,3889,3830,3791,3861,3901,3924,3943,3959,3967,3961,3946,3935,3955,3958,3948,3926,3900,3883,3868,3864,3868,3876,3884,3894
10302,1811.0,1819.0,1825.0,1831.0,1829,1821,1806,1780,1761,1750,1760,1778,1813,1842,1874,1884,1915,1938,1971,1995,2015,2015,1977,1924,1880,1858,1854,1870,1895,1924,1938,1949,1975,2004,2047,2090,2119,2121,2117,2109,2095,2067,2030,2016,2010,2021,2025,2037,2036,2032,2023,2014,1999,2014,2049,2089,2099,2095,2083,2088,2089,2096,2092,2083,2071,2058,2054,2038,2024,2011
11428,1717.0,1728.0,1744.0,1766.0,1769,1766,1754,1763,1758,1764,1758,1777,1783,1779,1768,1761,1758,1765,1776,1796,1829,1873,1916,1962,2002,2046,2075,2082,2084,2082,2078,2086,2103,2127,2151,2164,2162,2154,2160,2178,2202,2232,2260,2256,2271,2279,2300,2290,2279,2266,2263,2266,2284,2293,2296,2293,2280,2270,2269,2288,2301,2305,2297,2285,2267,2255,2267,2297,2317,2311
11693,1608.0,1605.0,1604.0,1602.0,1607,1613,1630,1636,1638,1635,1636,1651,1664,1669,1675,1683,1701,1707,1706,1706,1721,1745,1771,1788,1801,1804,1806,1808,1816,1826,1831,1836,1841,1844,1848,1857,1864,1881,1900,1927,1936,1950,1963,1978,1995,2008,2016,2018,2019,2031,2040,2056,2056,2058,2052,2069,2086,2109,2121,2138,2143,2147,2146,2140,2135,2129,2134,2135,2132,2126
11004,1708.0,1698.0,1706.0,1726.0,1750,1766,1775,1787,1787,1793,1792,1811,1817,1830,1826,1841,1839,1847,1850,1869,1890,1904,1924,1965,2013,2057,2076,2069,2067,2073,2088,2106,2128,2147,2164,2157,2165,2157,2173,2175,2179,2186,2202,2203,2224,2244,2271,2272,2259,2252,2254,2259,2270,2269,2264,2247,2216,2189,2176,2187,2191,2197,2199,2211,2221,2219,2210,2204,2202,2204
10044,2851.0,2877.0,2895.0,2914.0,2909,2908,2915,2949,3011,3055,3085,3078,3068,3057,3044,3044,3059,3069,3072,3096,3107,3116,3082,3052,3047,3051,3077,3082,3109,3096,3096,3057,3041,3076,3158,3228,3276,3330,3372,3405,3420,3446,3449,3440,3438,3420,3409,3365,3356,3356,3383,3411,3438,3446,3439,3417,3370,3325,3315,3310,3325,3325,3317,3302,3289,3302,3318,3339,3341,3350
10280,3130.0,3159.0,3198.0,3194.0,3175,3165,3197,3256,3292,3307,3314,3311,3294,3273,3254,3276,3294,3311,3304,3286,3266,3234,3240,3253,3284,3298,3329,3345,3374,3382,3382,3373,3377,3394,3423,3446,3468,3502,3518,3538,3548,3568,3566,3570,3567,3568,3559,3551,3544,3549,3562,3574,3600,3611,3620,3607,3600,3595,3606,3598,3577,3550,3521,3498,3482,3480,3489,3504,3514,3517
11436,1619.0,1611.0,1599.0,1591.0,1595,1604,1621,1632,1633,1631,1634,1653,1664,1669,1670,1669,1683,1695,1706,1717,1732,1751,1764,1779,1788,1807,1832,1854,1860,1858,1855,1858,1869,1870,1872,1866,1867,1877,1897,1923,1950,1966,1980,1980,2005,2033,2067,2083,2082,2084,2094,2115,2122,2130,2128,2143,2149,2164,2178,2205,2217,2222,2208,2187,2161,2148,2151,2165,2172,2171
11416,1605.0,1614.0,1618.0,1617.0,1623,1626,1643,1651,1651,1642,1637,1650,1661,1663,1664,1668,1688,1705,1717,1721,1732,1752,1783,1806,1822,1831,1839,1844,1852,1857,1851,1858,1868,1889,1899,1906,1896,1898,1917,1948,1972,1979,1988,1994,2024,2047,2079,2087,2099,2118,2133,2146,2135,2139,2138,2148,2141,2132,2139,2154,2166,2169,2159,2145,2136,2140,2149,2160,2170,2179
11366,1772.0,1769.0,1785.0,1805.0,1819,1840,1863,1882,1878,1877,1868,1896,1918,1943,1955,1975,1985,1972,1951,1936,1955,1980,2022,2081,2115,2148,2154,2143,2126,2121,2127,2152,2189,2227,2249,2256,2257,2249,2257,2269,2292,2326,2352,2380,2401,2421,2433,2440,2426,2410,2392,2392,2399,2408,2425,2441,2455,2471,2496,2542,2566,2578,2580,2584,2597,2612,2630,2644,2652,2653
11109,2132.0,2153.0,2164.0,2224.0,2262,2349,2375,2365,2283,2211,2217,2306,2412,2488,2545,2580,2595,2602,2610,2656,2687,2719,2735,2743,2741,2742,2740,2746,2747,2738,2739,2739,2768,2787,2823,2838,2846,2833,2819,2781,2765,2756,2776,2801,2831,2866,2848,2834,2830,2862,2901,2904,2906,2882,2866,2846,2832,2823,2828,2817,2810,2797,2807,2819,2838,2848,2865,2885,2894,2882
10307,1926.0,1903.0,1905.0,1910.0,1905,1893,1875,1837,1799,1768,1767,1777,1783,1796,1835,1900,1973,2038,2079,2088,2091,2114,2150,2171,2145,2094,2041,1992,1961,1952,1961,2010,2056,2101,2091,2105,2139,2190,2236,2259,2270,2256,2223,2160,2130,2115,2127,2149,2166,2182,2185,2174,2159,2148,2158,2170,2175,2172,2162,2165,2168,2174,2181,2192,2194,2188,2160,2123,2082,2065
10069,4345.0,4282.0,4290.0,4305.0,4300,4303,4279,4334,4366,4434,4536,4580,4591,4437,4337,4257,4299,4347,4419,4425,4362,4270,4197,4259,4427,4737,4901,4993,4990,5066,5052,5029,5050,5188,5389,5518,5543,5566,5583,5633,5676,5700,5744,5795,5912,5989,5992,5962,5927,5949,5974,6017,6053,6059,6073,6079,6063,6011,6013,5989,5932,5841,5806,5801,5817,5811,5832,5843,5854,5833
11697,1666.0,1660.0,1661.0,1658.0,1666,1671,1685,1689,1690,1690,1693,1700,1710,1715,1729,1730,1746,1754,1765,1791,1820,1848,1874,1908,1960,2023,2062,2106,2128,2152,2165,2179,2193,2173,2160,2154,2150,2168,2196,2203,2172,2150,2153,2171,2189,2224,2261,2276,2269,2239,2210,2200,2219,2230,2227,2215,2205,2195,2201,2201,2196,2184,2169,2164,2175,2191,2197,2194,2191,2198
11363,1800.0,1813.0,1824.0,1838.0,1836,1843,1852,1861,1858,1861,1877,1922,1949,1959,1955,1969,2000,2030,2040,2033,2031,2020,2019,2036,2064,2094,2104,2096,2083,2084,2094,2141,2184,2227,2254,2270,2277,2255,2257,2267,2291,2319,2333,2335,2354,2388,2431,2455,2449,2433,2419,2418,2435,2445,2464,2473,2480,2495,2512,2539,2553,2583,2605,2620,2614,2615,2627,2648,2664,2672
10006,3038.0,3035.0,3067.0,3093.0,3108,3118,3135,3169,3186,3213,3242,3264,3259,3246,3244,3254,3256,3250,3247,3245,3247,3229,3232,3239,3254,3264,3283,3305,3323,3318,3292,3264,3259,3279,3335,3384,3424,3456,3479,3504,3536,3574,3614,3639,3627,3592,3534,3514,3497,3520,3529,3541,3553,3564,3568,3561,3567,3572,3591,3580,3558,3509,3459,3414,3394,3386,3382,3387,3399,3405
10004,3509.0,3514.0,3556.0,3571.0,3596,3627,3636,3648,3646,3668,3697,3675,3675,3610,3571,3560,3599,3665,3691,3702,3667,3659,3674,3687,3701,3746,3793,3824,3815,3782,3786,3829,3917,3957,4005,4060,4100,4134,4139,4184,4224,4216,4211,4200,4240,4261,4257,4242,4236,4300,4357,4383,4406,4429,4438,4395,4335,4300,4319,4304,4276,4241,4211,4203,4197,4211,4230,4253,4263,4276
10464,1618.0,1604.0,1589.0,1576.0,1586,1603,1619,1633,1644,1645,1633,1626,1602,1596,1607,1624,1640,1657,1684,1709,1714,1706,1696,1695,1683,1683,1688,1698,1714,1720,1725,1720,1731,1761,1808,1869,1892,1890,1870,1871,1874,1870,1844,1807,1793,1791,1822,1847,1862,1877,1882,1880,1866,1862,1875,1899,1904,1897,1883,1864,1849,1856,1884,1912,1922,1929,1934,1948,1955,1963
11005,1704.0,1696.0,1698.0,1715.0,1728,1746,1747,1757,1755,1766,1779,1795,1798,1803,1793,1801,1794,1808,1825,1847,1873,1885,1897,1919,1938,1962,1977,1989,2011,2035,2058,2085,2099,2108,2100,2086,2094,2099,2116,2113,2118,2119,2128,2114,2117,2121,2144,2163,2168,2178,2195,2199,2201,2187,2183,2169,2149,2133,2131,2144,2155,2159,2155,2157,2160,2158,2143,2135,2131,2137
